source_name,extracted_at,location_id,city_name,country_code,timestamp,latitude,longitude,timezone,pm10,pm2_5,carbon_monoxide,nitrogen_dioxide,ozone,european_aqi
air_quality,2026-06-12T18:00:46+00:00,3117735,Madrid,ES,2026-06-12T00:00,40.4,-3.6999989,Europe/Madrid,5.1,3.7,111.0,8.9,68.0,27
air_quality,2026-06-12T18:00:46+00:00,3117735,Madrid,ES,2026-06-12T01:00,40.4,-3.6999989,Europe/Madrid,4.8,3.7,108.0,6.5,64.0,26
air_quality,2026-06-12T18:00:46+00:00,3117735,Madrid,ES,2026-06-12T02:00,40.4,-3.6999989,Europe/Madrid,4.8,3.2,105.0,4.5,63.0,25
air_quality,2026-06-12T18:00:46+00:00,3117735,Madrid,ES,2026-06-12T03:00,40.4,-3.6999989,Europe/Madrid,4.7,3.4,105.0,3.8,61.0,24
air_quality,2026-06-12T18:00:46+00:00,3117735,Madrid,ES,2026-06-12T04:00,40.4,-3.6999989,Europe/Madrid,4.4,3.2,105.0,3.8,56.0,22
air_quality,2026-06-12T18:00:46+00:00,3117735,Madrid,ES,2026-06-12T05:00,40.4,-3.6999989,Europe/Madrid,4.8,3.1,105.0,3.9,52.0,21
air_quality,2026-06-12T18:00:46+00:00,3117735,Madrid,ES,2026-06-12T06:00,40.4,-3.6999989,Europe/Madrid,5.5,3.3,107.0,6.0,51.0,20
air_quality,2026-06-12T18:00:46+00:00,3117735,Madrid,ES,2026-06-12T07:00,40.4,-3.6999989,Europe/Madrid,6.1,3.6,112.0,10.9,45.0,18
air_quality,2026-06-12T18:00:46+00:00,3117735,Madrid,ES,2026-06-12T08:00,40.4,-3.6999989,Europe/Madrid,7.2,4.5,118.0,15.3,43.0,17
air_quality,2026-06-12T18:00:46+00:00,3117735,Madrid,ES,2026-06-12T09:00,40.4,-3.6999989,Europe/Madrid,7.2,5.0,118.0,14.3,43.0,17
air_quality,2026-06-12T18:00:46+00:00,3117735,Madrid,ES,2026-06-12T10:00,40.4,-3.6999989,Europe/Madrid,7.8,4.7,115.0,11.3,56.0,22
air_quality,2026-06-12T18:00:46+00:00,3117735,Madrid,ES,2026-06-12T11:00,40.4,-3.6999989,Europe/Madrid,8.1,4.6,114.0,8.3,65.0,26
air_quality,2026-06-12T18:00:46+00:00,3117735,Madrid,ES,2026-06-12T12:00,40.4,-3.6999989,Europe/Madrid,9.4,4.7,113.0,6.8,78.0,31
air_quality,2026-06-12T18:00:46+00:00,3117735,Madrid,ES,2026-06-12T13:00,40.4,-3.6999989,Europe/Madrid,9.3,4.9,113.0,5.8,93.0,37
air_quality,2026-06-12T18:00:46+00:00,3117735,Madrid,ES,2026-06-12T14:00,40.4,-3.6999989,Europe/Madrid,9.1,4.8,111.0,5.5,106.0,44
air_quality,2026-06-12T18:00:46+00:00,3117735,Madrid,ES,2026-06-12T15:00,40.4,-3.6999989,Europe/Madrid,8.0,4.6,111.0,5.3,107.0,45
air_quality,2026-06-12T18:00:46+00:00,3117735,Madrid,ES,2026-06-12T16:00,40.4,-3.6999989,Europe/Madrid,7.4,4.4,109.0,5.4,108.0,45
air_quality,2026-06-12T18:00:46+00:00,3117735,Madrid,ES,2026-06-12T17:00,40.4,-3.6999989,Europe/Madrid,7.5,4.7,110.0,7.0,108.0,45
air_quality,2026-06-12T18:00:46+00:00,3117735,Madrid,ES,2026-06-12T18:00,40.4,-3.6999989,Europe/Madrid,7.9,4.7,111.0,7.5,106.0,44
air_quality,2026-06-12T18:00:46+00:00,3117735,Madrid,ES,2026-06-12T19:00,40.4,-3.6999989,Europe/Madrid,8.3,4.3,110.0,9.4,104.0,43
air_quality,2026-06-12T18:00:46+00:00,3117735,Madrid,ES,2026-06-12T20:00,40.4,-3.6999989,Europe/Madrid,8.4,4.3,109.0,11.8,98.0,39
air_quality,2026-06-12T18:00:46+00:00,3117735,Madrid,ES,2026-06-12T21:00,40.4,-3.6999989,Europe/Madrid,8.8,4.5,111.0,16.1,95.0,38
air_quality,2026-06-12T18:00:46+00:00,3117735,Madrid,ES,2026-06-12T22:00,40.4,-3.6999989,Europe/Madrid,8.3,5.0,116.0,18.5,84.0,34
air_quality,2026-06-12T18:00:46+00:00,3117735,Madrid,ES,2026-06-12T23:00,40.4,-3.6999989,Europe/Madrid,7.9,5.7,121.0,21.7,64.0,26
air_quality,2026-06-12T18:00:46+00:00,3117735,Madrid,ES,2026-06-13T00:00,40.4,-3.6999989,Europe/Madrid,7.8,5.4,115.0,14.4,59.0,24
air_quality,2026-06-12T18:00:46+00:00,3117735,Madrid,ES,2026-06-13T01:00,40.4,-3.6999989,Europe/Madrid,7.5,4.9,112.0,13.9,63.0,25
air_quality,2026-06-12T18:00:46+00:00,3117735,Madrid,ES,2026-06-13T02:00,40.4,-3.6999989,Europe/Madrid,8.1,4.5,106.0,9.4,60.0,24
air_quality,2026-06-12T18:00:46+00:00,3117735,Madrid,ES,2026-06-13T03:00,40.4,-3.6999989,Europe/Madrid,6.7,4.0,106.0,8.8,60.0,24
air_quality,2026-06-12T18:00:46+00:00,3117735,Madrid,ES,2026-06-13T04:00,40.4,-3.6999989,Europe/Madrid,6.3,4.1,106.0,10.3,55.0,22
air_quality,2026-06-12T18:00:46+00:00,3117735,Madrid,ES,2026-06-13T05:00,40.4,-3.6999989,Europe/Madrid,6.8,4.2,108.0,11.6,51.0,20
air_quality,2026-06-12T18:00:46+00:00,3117735,Madrid,ES,2026-06-13T06:00,40.4,-3.6999989,Europe/Madrid,7.7,4.4,110.0,12.6,48.0,19
air_quality,2026-06-12T18:00:46+00:00,3117735,Madrid,ES,2026-06-13T07:00,40.4,-3.6999989,Europe/Madrid,9.2,5.5,111.0,13.8,46.0,18
air_quality,2026-06-12T18:00:46+00:00,3117735,Madrid,ES,2026-06-13T08:00,40.4,-3.6999989,Europe/Madrid,8.9,6.0,112.0,12.4,51.0,20
air_quality,2026-06-12T18:00:46+00:00,3117735,Madrid,ES,2026-06-13T09:00,40.4,-3.6999989,Europe/Madrid,8.8,5.3,112.0,12.3,52.0,21
air_quality,2026-06-12T18:00:46+00:00,3117735,Madrid,ES,2026-06-13T10:00,40.4,-3.6999989,Europe/Madrid,8.2,5.5,109.0,9.3,59.0,24
air_quality,2026-06-12T18:00:46+00:00,3117735,Madrid,ES,2026-06-13T11:00,40.4,-3.6999989,Europe/Madrid,7.4,4.5,106.0,6.9,72.0,29
air_quality,2026-06-12T18:00:46+00:00,3117735,Madrid,ES,2026-06-13T12:00,40.4,-3.6999989,Europe/Madrid,6.8,4.3,105.0,5.7,81.0,32
air_quality,2026-06-12T18:00:46+00:00,3117735,Madrid,ES,2026-06-13T13:00,40.4,-3.6999989,Europe/Madrid,6.8,4.2,103.0,4.8,84.0,34
air_quality,2026-06-12T18:00:46+00:00,3117735,Madrid,ES,2026-06-13T14:00,40.4,-3.6999989,Europe/Madrid,6.4,3.9,101.0,5.2,84.0,34
air_quality,2026-06-12T18:00:46+00:00,3117735,Madrid,ES,2026-06-13T15:00,40.4,-3.6999989,Europe/Madrid,5.8,3.7,100.0,4.2,87.0,35
air_quality,2026-06-12T18:00:46+00:00,3117735,Madrid,ES,2026-06-13T16:00,40.4,-3.6999989,Europe/Madrid,5.6,3.6,99.0,3.4,94.0,38
air_quality,2026-06-12T18:00:46+00:00,3117735,Madrid,ES,2026-06-13T17:00,40.4,-3.6999989,Europe/Madrid,5.4,3.4,97.0,3.0,96.0,38
air_quality,2026-06-12T18:00:46+00:00,3117735,Madrid,ES,2026-06-13T18:00,40.4,-3.6999989,Europe/Madrid,4.9,3.3,96.0,3.1,96.0,38
air_quality,2026-06-12T18:00:46+00:00,3117735,Madrid,ES,2026-06-13T19:00,40.4,-3.6999989,Europe/Madrid,5.1,3.3,95.0,3.8,93.0,37
air_quality,2026-06-12T18:00:46+00:00,3117735,Madrid,ES,2026-06-13T20:00,40.4,-3.6999989,Europe/Madrid,5.7,3.6,95.0,5.3,88.0,35
air_quality,2026-06-12T18:00:46+00:00,3117735,Madrid,ES,2026-06-13T21:00,40.4,-3.6999989,Europe/Madrid,5.9,3.8,99.0,6.8,82.0,33
air_quality,2026-06-12T18:00:46+00:00,3117735,Madrid,ES,2026-06-13T22:00,40.4,-3.6999989,Europe/Madrid,6.6,4.2,101.0,12.2,70.0,28
air_quality,2026-06-12T18:00:46+00:00,3117735,Madrid,ES,2026-06-13T23:00,40.4,-3.6999989,Europe/Madrid,6.9,4.9,103.0,12.0,57.0,23
air_quality,2026-06-12T18:00:46+00:00,3117735,Madrid,ES,2026-06-14T00:00,40.4,-3.6999989,Europe/Madrid,7.2,4.8,105.0,14.6,54.0,22
air_quality,2026-06-12T18:00:46+00:00,3117735,Madrid,ES,2026-06-14T01:00,40.4,-3.6999989,Europe/Madrid,7.0,5.3,103.0,10.9,54.0,22
air_quality,2026-06-12T18:00:46+00:00,3117735,Madrid,ES,2026-06-14T02:00,40.4,-3.6999989,Europe/Madrid,7.3,5.1,103.0,9.2,55.0,22
air_quality,2026-06-12T18:00:46+00:00,3117735,Madrid,ES,2026-06-14T03:00,40.4,-3.6999989,Europe/Madrid,7.6,5.4,100.0,8.7,51.0,20
air_quality,2026-06-12T18:00:46+00:00,3117735,Madrid,ES,2026-06-14T04:00,40.4,-3.6999989,Europe/Madrid,8.1,5.7,101.0,9.8,50.0,20
air_quality,2026-06-12T18:00:46+00:00,3117735,Madrid,ES,2026-06-14T05:00,40.4,-3.6999989,Europe/Madrid,8.4,6.1,101.0,11.4,46.0,18
air_quality,2026-06-12T18:00:46+00:00,3117735,Madrid,ES,2026-06-14T06:00,40.4,-3.6999989,Europe/Madrid,8.7,6.1,101.0,11.3,44.0,18
air_quality,2026-06-12T18:00:46+00:00,3117735,Madrid,ES,2026-06-14T07:00,40.4,-3.6999989,Europe/Madrid,9.6,6.6,103.0,10.4,42.0,17
air_quality,2026-06-12T18:00:46+00:00,3117735,Madrid,ES,2026-06-14T08:00,40.4,-3.6999989,Europe/Madrid,10.2,6.7,106.0,10.8,40.0,16
air_quality,2026-06-12T18:00:46+00:00,3117735,Madrid,ES,2026-06-14T09:00,40.4,-3.6999989,Europe/Madrid,9.7,5.9,104.0,7.9,49.0,20
air_quality,2026-06-12T18:00:46+00:00,3117735,Madrid,ES,2026-06-14T10:00,40.4,-3.6999989,Europe/Madrid,9.9,5.7,104.0,6.2,57.0,23
air_quality,2026-06-12T18:00:46+00:00,3117735,Madrid,ES,2026-06-14T11:00,40.4,-3.6999989,Europe/Madrid,10.1,5.6,104.0,5.1,65.0,26
air_quality,2026-06-12T18:00:46+00:00,3117735,Madrid,ES,2026-06-14T12:00,40.4,-3.6999989,Europe/Madrid,10.5,5.6,103.0,4.9,77.0,31
air_quality,2026-06-12T18:00:46+00:00,3117735,Madrid,ES,2026-06-14T13:00,40.4,-3.6999989,Europe/Madrid,11.9,6.2,104.0,5.1,87.0,35
air_quality,2026-06-12T18:00:46+00:00,3117735,Madrid,ES,2026-06-14T14:00,40.4,-3.6999989,Europe/Madrid,13.0,6.5,104.0,5.0,100.0,40
air_quality,2026-06-12T18:00:46+00:00,3117735,Madrid,ES,2026-06-14T15:00,40.4,-3.6999989,Europe/Madrid,13.5,6.5,106.0,4.4,110.0,47
air_quality,2026-06-12T18:00:46+00:00,3117735,Madrid,ES,2026-06-14T16:00,40.4,-3.6999989,Europe/Madrid,13.8,6.5,106.0,2.9,111.0,47
air_quality,2026-06-12T18:00:46+00:00,3117735,Madrid,ES,2026-06-14T17:00,40.4,-3.6999989,Europe/Madrid,13.4,6.0,105.0,2.7,113.0,49
air_quality,2026-06-12T18:00:46+00:00,3117735,Madrid,ES,2026-06-14T18:00,40.4,-3.6999989,Europe/Madrid,12.8,6.0,104.0,3.0,102.0,41
air_quality,2026-06-12T18:00:46+00:00,3117735,Madrid,ES,2026-06-14T19:00,40.4,-3.6999989,Europe/Madrid,13.1,5.8,102.0,3.7,97.0,39
air_quality,2026-06-12T18:00:46+00:00,3117735,Madrid,ES,2026-06-14T20:00,40.4,-3.6999989,Europe/Madrid,12.8,5.6,102.0,3.9,92.0,37
air_quality,2026-06-12T18:00:46+00:00,3117735,Madrid,ES,2026-06-14T21:00,40.4,-3.6999989,Europe/Madrid,12.2,5.4,101.0,5.5,86.0,34
air_quality,2026-06-12T18:00:46+00:00,3117735,Madrid,ES,2026-06-14T22:00,40.4,-3.6999989,Europe/Madrid,11.4,5.6,103.0,10.4,72.0,29
air_quality,2026-06-12T18:00:46+00:00,3117735,Madrid,ES,2026-06-14T23:00,40.4,-3.6999989,Europe/Madrid,12.0,6.1,105.0,9.3,73.0,29
air_quality,2026-06-12T18:00:46+00:00,3117735,Madrid,ES,2026-06-15T00:00,40.4,-3.6999989,Europe/Madrid,9.1,6.2,106.0,9.6,64.0,26
air_quality,2026-06-12T18:00:46+00:00,3117735,Madrid,ES,2026-06-15T01:00,40.4,-3.6999989,Europe/Madrid,8.4,6.2,107.0,14.1,56.0,22
air_quality,2026-06-12T18:00:46+00:00,3117735,Madrid,ES,2026-06-15T02:00,40.4,-3.6999989,Europe/Madrid,8.2,6.2,111.0,15.6,51.0,20
air_quality,2026-06-12T18:00:46+00:00,3117735,Madrid,ES,2026-06-15T03:00,40.4,-3.6999989,Europe/Madrid,9.2,5.8,109.0,13.7,50.0,20
air_quality,2026-06-12T18:00:46+00:00,3117735,Madrid,ES,2026-06-15T04:00,40.4,-3.6999989,Europe/Madrid,9.2,6.1,108.0,11.3,50.0,20
air_quality,2026-06-12T18:00:46+00:00,3117735,Madrid,ES,2026-06-15T05:00,40.4,-3.6999989,Europe/Madrid,10.2,6.2,108.0,10.8,48.0,19
air_quality,2026-06-12T18:00:46+00:00,3117735,Madrid,ES,2026-06-15T06:00,40.4,-3.6999989,Europe/Madrid,11.0,6.4,110.0,13.0,46.0,18
air_quality,2026-06-12T18:00:46+00:00,3117735,Madrid,ES,2026-06-15T07:00,40.4,-3.6999989,Europe/Madrid,12.2,8.3,117.0,23.0,36.0,14
air_quality,2026-06-12T18:00:46+00:00,3117735,Madrid,ES,2026-06-15T08:00,40.4,-3.6999989,Europe/Madrid,14.4,10.3,137.0,33.9,28.0,17
air_quality,2026-06-12T18:00:46+00:00,3117735,Madrid,ES,2026-06-15T09:00,40.4,-3.6999989,Europe/Madrid,15.6,8.7,146.0,24.8,32.0,13
air_quality,2026-06-12T18:00:46+00:00,3117735,Madrid,ES,2026-06-15T10:00,40.4,-3.6999989,Europe/Madrid,15.8,7.8,137.0,25.1,47.0,19
air_quality,2026-06-12T18:00:46+00:00,3117735,Madrid,ES,2026-06-15T11:00,40.4,-3.6999989,Europe/Madrid,15.7,8.0,128.0,18.9,53.0,21
air_quality,2026-06-12T18:00:46+00:00,3117735,Madrid,ES,2026-06-15T12:00,40.4,-3.6999989,Europe/Madrid,14.3,6.7,126.0,14.0,69.0,28
air_quality,2026-06-12T18:00:46+00:00,3117735,Madrid,ES,2026-06-15T13:00,40.4,-3.6999989,Europe/Madrid,13.1,6.7,121.0,11.6,90.0,36
air_quality,2026-06-12T18:00:46+00:00,3117735,Madrid,ES,2026-06-15T14:00,40.4,-3.6999989,Europe/Madrid,14.2,6.7,117.0,9.3,102.0,41
air_quality,2026-06-12T18:00:46+00:00,3117735,Madrid,ES,2026-06-15T15:00,40.4,-3.6999989,Europe/Madrid,11.9,6.3,117.0,5.7,115.0,50
air_quality,2026-06-12T18:00:46+00:00,3117735,Madrid,ES,2026-06-15T16:00,40.4,-3.6999989,Europe/Madrid,9.1,6.2,111.0,4.6,110.0,47
air_quality,2026-06-12T18:00:46+00:00,3117735,Madrid,ES,2026-06-15T17:00,40.4,-3.6999989,Europe/Madrid,8.3,5.6,108.0,4.1,105.0,43
air_quality,2026-06-12T18:00:46+00:00,3117735,Madrid,ES,2026-06-15T18:00,40.4,-3.6999989,Europe/Madrid,8.8,5.3,106.0,5.5,99.0,40
air_quality,2026-06-12T18:00:46+00:00,3117735,Madrid,ES,2026-06-15T19:00,40.4,-3.6999989,Europe/Madrid,9.1,5.1,110.0,7.7,89.0,36
air_quality,2026-06-12T18:00:46+00:00,3117735,Madrid,ES,2026-06-15T20:00,40.4,-3.6999989,Europe/Madrid,7.4,5.1,110.0,10.3,84.0,34
air_quality,2026-06-12T18:00:46+00:00,3117735,Madrid,ES,2026-06-15T21:00,40.4,-3.6999989,Europe/Madrid,6.9,5.1,114.0,14.2,75.0,30
air_quality,2026-06-12T18:00:46+00:00,3117735,Madrid,ES,2026-06-15T22:00,40.4,-3.6999989,Europe/Madrid,7.4,5.0,114.0,16.5,63.0,25
air_quality,2026-06-12T18:00:46+00:00,3117735,Madrid,ES,2026-06-15T23:00,40.4,-3.6999989,Europe/Madrid,8.4,6.8,122.0,20.6,52.0,21
air_quality,2026-06-12T18:00:46+00:00,3117735,Madrid,ES,2026-06-16T00:00,40.4,-3.6999989,Europe/Madrid,12.3,7.7,133.0,19.4,58.3,20
air_quality,2026-06-12T18:00:46+00:00,3117735,Madrid,ES,2026-06-16T01:00,40.4,-3.6999989,Europe/Madrid,15.1,9.8,156.5,17.9,60.5,22
air_quality,2026-06-12T18:00:46+00:00,3117735,Madrid,ES,2026-06-16T02:00,40.4,-3.6999989,Europe/Madrid,18.0,11.5,184.5,17.5,60.3,24
air_quality,2026-06-12T18:00:46+00:00,3117735,Madrid,ES,2026-06-16T03:00,40.4,-3.6999989,Europe/Madrid,19.5,12.7,201.0,16.7,60.0,24
air_quality,2026-06-12T18:00:46+00:00,3117735,Madrid,ES,2026-06-16T04:00,40.4,-3.6999989,Europe/Madrid,17.6,11.8,185.0,14.6,57.0,28
air_quality,2026-06-12T18:00:46+00:00,3117735,Madrid,ES,2026-06-16T05:00,40.4,-3.6999989,Europe/Madrid,15.5,10.8,167.0,12.8,56.0,27
air_quality,2026-06-12T18:00:46+00:00,3117735,Madrid,ES,2026-06-16T06:00,40.4,-3.6999989,Europe/Madrid,13.5,9.7,148.0,12.0,53.0,27
air_quality,2026-06-12T18:00:46+00:00,3117735,Madrid,ES,2026-06-16T07:00,40.4,-3.6999989,Europe/Madrid,11.7,8.8,129.0,11.4,51.0,27
air_quality,2026-06-12T18:00:46+00:00,3117735,Madrid,ES,2026-06-16T08:00,40.4,-3.6999989,Europe/Madrid,10.4,8.3,116.0,10.5,55.0,26
air_quality,2026-06-12T18:00:46+00:00,3117735,Madrid,ES,2026-06-16T09:00,40.4,-3.6999989,Europe/Madrid,10.3,8.3,117.0,8.8,69.0,28
air_quality,2026-06-12T18:00:46+00:00,3117735,Madrid,ES,2026-06-16T10:00,40.4,-3.6999989,Europe/Madrid,11.1,8.4,124.0,6.8,89.0,36
air_quality,2026-06-12T18:00:46+00:00,3117735,Madrid,ES,2026-06-16T11:00,40.4,-3.6999989,Europe/Madrid,14.2,9.1,129.0,5.0,106.0,44
air_quality,2026-06-12T18:00:46+00:00,3117735,Madrid,ES,2026-06-16T12:00,40.4,-3.6999989,Europe/Madrid,17.9,10.1,126.0,3.6,116.0,51
air_quality,2026-06-12T18:00:46+00:00,3117735,Madrid,ES,2026-06-16T13:00,40.4,-3.6999989,Europe/Madrid,19.8,10.5,119.0,2.5,122.0,55
air_quality,2026-06-12T18:00:46+00:00,3117735,Madrid,ES,2026-06-16T14:00,40.4,-3.6999989,Europe/Madrid,21.1,10.7,115.0,1.8,127.0,58
air_quality,2026-06-12T18:00:46+00:00,3117735,Madrid,ES,2026-06-16T15:00,40.4,-3.6999989,Europe/Madrid,22.4,10.9,114.0,1.5,130.0,60
air_quality,2026-06-12T18:00:46+00:00,3117735,Madrid,ES,2026-06-16T16:00,40.4,-3.6999989,Europe/Madrid,23.0,11.1,115.0,1.7,130.0,60
air_quality,2026-06-12T18:00:46+00:00,3117735,Madrid,ES,2026-06-16T17:00,40.4,-3.6999989,Europe/Madrid,23.1,11.0,117.0,2.0,130.0,60
air_quality,2026-06-12T18:00:46+00:00,3117735,Madrid,ES,2026-06-16T18:00,40.4,-3.6999989,Europe/Madrid,22.9,10.9,120.0,2.1,130.0,60
air_quality,2026-06-12T18:00:46+00:00,3117735,Madrid,ES,2026-06-16T19:00,40.4,-3.6999989,Europe/Madrid,22.8,11.0,124.0,2.4,129.0,59
air_quality,2026-06-12T18:00:46+00:00,3117735,Madrid,ES,2026-06-16T20:00,40.4,-3.6999989,Europe/Madrid,22.8,11.2,131.0,4.2,126.0,57
air_quality,2026-06-12T18:00:46+00:00,3117735,Madrid,ES,2026-06-16T21:00,40.4,-3.6999989,Europe/Madrid,23.1,11.4,142.0,9.3,118.0,52
air_quality,2026-06-12T18:00:46+00:00,3117735,Madrid,ES,2026-06-16T22:00,40.4,-3.6999989,Europe/Madrid,24.6,12.8,155.0,15.9,107.0,45
air_quality,2026-06-12T18:00:46+00:00,3117735,Madrid,ES,2026-06-16T23:00,40.4,-3.6999989,Europe/Madrid,26.1,14.2,164.0,19.7,98.0,39
air_quality,2026-06-12T18:00:46+00:00,3128760,Barcelona,ES,2026-06-12T00:00,41.4,2.2000008,Europe/Madrid,11.5,6.2,123.0,32.8,56.0,22
air_quality,2026-06-12T18:00:46+00:00,3128760,Barcelona,ES,2026-06-12T01:00,41.4,2.2000008,Europe/Madrid,11.9,6.8,125.0,33.8,51.0,20
air_quality,2026-06-12T18:00:46+00:00,3128760,Barcelona,ES,2026-06-12T02:00,41.4,2.2000008,Europe/Madrid,12.8,7.6,131.0,31.5,38.0,16
air_quality,2026-06-12T18:00:46+00:00,3128760,Barcelona,ES,2026-06-12T03:00,41.4,2.2000008,Europe/Madrid,13.4,8.5,131.0,32.2,33.0,16
air_quality,2026-06-12T18:00:46+00:00,3128760,Barcelona,ES,2026-06-12T04:00,41.4,2.2000008,Europe/Madrid,14.2,9.3,135.0,34.4,26.0,17
air_quality,2026-06-12T18:00:46+00:00,3128760,Barcelona,ES,2026-06-12T05:00,41.4,2.2000008,Europe/Madrid,14.9,10.6,136.0,33.5,26.0,17
air_quality,2026-06-12T18:00:46+00:00,3128760,Barcelona,ES,2026-06-12T06:00,41.4,2.2000008,Europe/Madrid,15.5,10.4,144.0,37.6,21.0,19
air_quality,2026-06-12T18:00:46+00:00,3128760,Barcelona,ES,2026-06-12T07:00,41.4,2.2000008,Europe/Madrid,16.9,11.2,161.0,43.0,13.0,21
air_quality,2026-06-12T18:00:46+00:00,3128760,Barcelona,ES,2026-06-12T08:00,41.4,2.2000008,Europe/Madrid,18.6,12.0,196.0,48.0,17.0,23
air_quality,2026-06-12T18:00:46+00:00,3128760,Barcelona,ES,2026-06-12T09:00,41.4,2.2000008,Europe/Madrid,20.4,12.4,187.0,44.9,27.0,22
air_quality,2026-06-12T18:00:46+00:00,3128760,Barcelona,ES,2026-06-12T10:00,41.4,2.2000008,Europe/Madrid,18.7,10.9,163.0,36.1,46.0,18
air_quality,2026-06-12T18:00:46+00:00,3128760,Barcelona,ES,2026-06-12T11:00,41.4,2.2000008,Europe/Madrid,17.3,9.7,151.0,27.9,60.0,24
air_quality,2026-06-12T18:00:46+00:00,3128760,Barcelona,ES,2026-06-12T12:00,41.4,2.2000008,Europe/Madrid,16.9,9.7,140.0,21.3,74.0,30
air_quality,2026-06-12T18:00:46+00:00,3128760,Barcelona,ES,2026-06-12T13:00,41.4,2.2000008,Europe/Madrid,16.8,9.4,129.0,15.5,83.0,33
air_quality,2026-06-12T18:00:46+00:00,3128760,Barcelona,ES,2026-06-12T14:00,41.4,2.2000008,Europe/Madrid,16.7,8.6,121.0,11.5,92.0,37
air_quality,2026-06-12T18:00:46+00:00,3128760,Barcelona,ES,2026-06-12T15:00,41.4,2.2000008,Europe/Madrid,15.2,7.4,118.0,10.0,95.0,38
air_quality,2026-06-12T18:00:46+00:00,3128760,Barcelona,ES,2026-06-12T16:00,41.4,2.2000008,Europe/Madrid,14.7,6.8,117.0,9.4,96.0,38
air_quality,2026-06-12T18:00:46+00:00,3128760,Barcelona,ES,2026-06-12T17:00,41.4,2.2000008,Europe/Madrid,13.8,6.6,116.0,9.8,93.0,37
air_quality,2026-06-12T18:00:46+00:00,3128760,Barcelona,ES,2026-06-12T18:00,41.4,2.2000008,Europe/Madrid,13.3,6.7,118.0,12.4,89.0,36
air_quality,2026-06-12T18:00:46+00:00,3128760,Barcelona,ES,2026-06-12T19:00,41.4,2.2000008,Europe/Madrid,14.8,7.1,121.0,17.0,82.0,33
air_quality,2026-06-12T18:00:46+00:00,3128760,Barcelona,ES,2026-06-12T20:00,41.4,2.2000008,Europe/Madrid,14.8,7.3,122.0,19.9,76.0,30
air_quality,2026-06-12T18:00:46+00:00,3128760,Barcelona,ES,2026-06-12T21:00,41.4,2.2000008,Europe/Madrid,14.7,7.3,124.0,25.3,71.0,28
air_quality,2026-06-12T18:00:46+00:00,3128760,Barcelona,ES,2026-06-12T22:00,41.4,2.2000008,Europe/Madrid,15.0,7.2,125.0,31.4,65.0,26
air_quality,2026-06-12T18:00:46+00:00,3128760,Barcelona,ES,2026-06-12T23:00,41.4,2.2000008,Europe/Madrid,14.8,7.7,131.0,35.2,51.0,20
air_quality,2026-06-12T18:00:46+00:00,3128760,Barcelona,ES,2026-06-13T00:00,41.4,2.2000008,Europe/Madrid,15.6,8.6,133.0,34.6,39.0,17
air_quality,2026-06-12T18:00:46+00:00,3128760,Barcelona,ES,2026-06-13T01:00,41.4,2.2000008,Europe/Madrid,16.2,9.2,139.0,39.3,41.0,20
air_quality,2026-06-12T18:00:46+00:00,3128760,Barcelona,ES,2026-06-13T02:00,41.4,2.2000008,Europe/Madrid,16.3,9.8,146.0,45.0,36.0,22
air_quality,2026-06-12T18:00:46+00:00,3128760,Barcelona,ES,2026-06-13T03:00,41.4,2.2000008,Europe/Madrid,16.9,9.5,146.0,38.8,33.0,19
air_quality,2026-06-12T18:00:46+00:00,3128760,Barcelona,ES,2026-06-13T04:00,41.4,2.2000008,Europe/Madrid,17.1,10.0,143.0,38.2,32.0,19
air_quality,2026-06-12T18:00:46+00:00,3128760,Barcelona,ES,2026-06-13T05:00,41.4,2.2000008,Europe/Madrid,16.6,10.6,143.0,41.7,30.0,21
air_quality,2026-06-12T18:00:46+00:00,3128760,Barcelona,ES,2026-06-13T06:00,41.4,2.2000008,Europe/Madrid,16.8,11.2,139.0,41.3,26.0,21
air_quality,2026-06-12T18:00:46+00:00,3128760,Barcelona,ES,2026-06-13T07:00,41.4,2.2000008,Europe/Madrid,17.2,11.4,150.0,40.3,27.0,20
air_quality,2026-06-12T18:00:46+00:00,3128760,Barcelona,ES,2026-06-13T08:00,41.4,2.2000008,Europe/Madrid,18.9,12.2,155.0,33.7,42.0,18
air_quality,2026-06-12T18:00:46+00:00,3128760,Barcelona,ES,2026-06-13T09:00,41.4,2.2000008,Europe/Madrid,18.3,11.4,161.0,27.2,51.0,20
air_quality,2026-06-12T18:00:46+00:00,3128760,Barcelona,ES,2026-06-13T10:00,41.4,2.2000008,Europe/Madrid,19.2,10.8,148.0,24.3,68.0,27
air_quality,2026-06-12T18:00:46+00:00,3128760,Barcelona,ES,2026-06-13T11:00,41.4,2.2000008,Europe/Madrid,16.7,10.4,150.0,25.6,72.0,29
air_quality,2026-06-12T18:00:46+00:00,3128760,Barcelona,ES,2026-06-13T12:00,41.4,2.2000008,Europe/Madrid,16.5,11.2,147.0,24.8,68.0,27
air_quality,2026-06-12T18:00:46+00:00,3128760,Barcelona,ES,2026-06-13T13:00,41.4,2.2000008,Europe/Madrid,18.5,11.3,147.0,22.1,84.0,34
air_quality,2026-06-12T18:00:46+00:00,3128760,Barcelona,ES,2026-06-13T14:00,41.4,2.2000008,Europe/Madrid,15.3,10.3,141.0,14.7,90.0,36
air_quality,2026-06-12T18:00:46+00:00,3128760,Barcelona,ES,2026-06-13T15:00,41.4,2.2000008,Europe/Madrid,11.7,8.3,128.0,13.7,97.0,39
air_quality,2026-06-12T18:00:46+00:00,3128760,Barcelona,ES,2026-06-13T16:00,41.4,2.2000008,Europe/Madrid,11.8,7.5,119.0,10.8,109.0,46
air_quality,2026-06-12T18:00:46+00:00,3128760,Barcelona,ES,2026-06-13T17:00,41.4,2.2000008,Europe/Madrid,12.0,7.2,113.0,10.0,111.0,47
air_quality,2026-06-12T18:00:46+00:00,3128760,Barcelona,ES,2026-06-13T18:00,41.4,2.2000008,Europe/Madrid,11.3,7.2,112.0,10.7,106.0,44
air_quality,2026-06-12T18:00:46+00:00,3128760,Barcelona,ES,2026-06-13T19:00,41.4,2.2000008,Europe/Madrid,11.8,7.7,115.0,15.2,96.0,38
air_quality,2026-06-12T18:00:46+00:00,3128760,Barcelona,ES,2026-06-13T20:00,41.4,2.2000008,Europe/Madrid,12.9,8.0,121.0,23.7,86.0,34
air_quality,2026-06-12T18:00:46+00:00,3128760,Barcelona,ES,2026-06-13T21:00,41.4,2.2000008,Europe/Madrid,14.3,8.0,123.0,32.0,75.0,30
air_quality,2026-06-12T18:00:46+00:00,3128760,Barcelona,ES,2026-06-13T22:00,41.4,2.2000008,Europe/Madrid,14.6,8.4,128.0,40.9,58.0,23
air_quality,2026-06-12T18:00:46+00:00,3128760,Barcelona,ES,2026-06-13T23:00,41.4,2.2000008,Europe/Madrid,15.1,8.4,129.0,40.4,53.0,21
air_quality,2026-06-12T18:00:46+00:00,3128760,Barcelona,ES,2026-06-14T00:00,41.4,2.2000008,Europe/Madrid,15.4,8.7,128.0,36.4,49.0,20
air_quality,2026-06-12T18:00:46+00:00,3128760,Barcelona,ES,2026-06-14T01:00,41.4,2.2000008,Europe/Madrid,15.2,9.1,129.0,40.4,43.0,20
air_quality,2026-06-12T18:00:46+00:00,3128760,Barcelona,ES,2026-06-14T02:00,41.4,2.2000008,Europe/Madrid,15.3,9.2,132.0,42.3,36.0,21
air_quality,2026-06-12T18:00:46+00:00,3128760,Barcelona,ES,2026-06-14T03:00,41.4,2.2000008,Europe/Madrid,15.7,8.7,134.0,39.0,26.0,20
air_quality,2026-06-12T18:00:46+00:00,3128760,Barcelona,ES,2026-06-14T04:00,41.4,2.2000008,Europe/Madrid,16.0,8.6,138.0,40.5,22.0,20
air_quality,2026-06-12T18:00:46+00:00,3128760,Barcelona,ES,2026-06-14T05:00,41.4,2.2000008,Europe/Madrid,14.8,9.1,142.0,40.3,22.0,20
air_quality,2026-06-12T18:00:46+00:00,3128760,Barcelona,ES,2026-06-14T06:00,41.4,2.2000008,Europe/Madrid,14.8,9.4,142.0,39.1,19.0,20
air_quality,2026-06-12T18:00:46+00:00,3128760,Barcelona,ES,2026-06-14T07:00,41.4,2.2000008,Europe/Madrid,15.8,10.2,145.0,38.4,23.0,19
air_quality,2026-06-12T18:00:46+00:00,3128760,Barcelona,ES,2026-06-14T08:00,41.4,2.2000008,Europe/Madrid,17.6,11.9,153.0,33.9,29.0,18
air_quality,2026-06-12T18:00:46+00:00,3128760,Barcelona,ES,2026-06-14T09:00,41.4,2.2000008,Europe/Madrid,17.0,11.9,155.0,27.6,43.0,18
air_quality,2026-06-12T18:00:46+00:00,3128760,Barcelona,ES,2026-06-14T10:00,41.4,2.2000008,Europe/Madrid,16.0,11.3,153.0,29.3,52.0,21
air_quality,2026-06-12T18:00:46+00:00,3128760,Barcelona,ES,2026-06-14T11:00,41.4,2.2000008,Europe/Madrid,14.9,10.5,154.0,24.5,59.0,24
air_quality,2026-06-12T18:00:46+00:00,3128760,Barcelona,ES,2026-06-14T12:00,41.4,2.2000008,Europe/Madrid,15.8,10.1,139.0,20.3,66.0,26
air_quality,2026-06-12T18:00:46+00:00,3128760,Barcelona,ES,2026-06-14T13:00,41.4,2.2000008,Europe/Madrid,16.0,10.3,138.0,19.9,77.0,31
air_quality,2026-06-12T18:00:46+00:00,3128760,Barcelona,ES,2026-06-14T14:00,41.4,2.2000008,Europe/Madrid,16.6,10.6,135.0,17.8,88.0,35
air_quality,2026-06-12T18:00:46+00:00,3128760,Barcelona,ES,2026-06-14T15:00,41.4,2.2000008,Europe/Madrid,13.8,10.1,123.0,16.7,92.0,37
air_quality,2026-06-12T18:00:46+00:00,3128760,Barcelona,ES,2026-06-14T16:00,41.4,2.2000008,Europe/Madrid,12.9,7.1,116.0,14.4,91.0,36
air_quality,2026-06-12T18:00:46+00:00,3128760,Barcelona,ES,2026-06-14T17:00,41.4,2.2000008,Europe/Madrid,13.1,6.9,113.0,14.7,93.0,37
air_quality,2026-06-12T18:00:46+00:00,3128760,Barcelona,ES,2026-06-14T18:00,41.4,2.2000008,Europe/Madrid,13.6,7.0,114.0,17.6,88.0,35
air_quality,2026-06-12T18:00:46+00:00,3128760,Barcelona,ES,2026-06-14T19:00,41.4,2.2000008,Europe/Madrid,13.9,7.1,118.0,23.3,80.0,32
air_quality,2026-06-12T18:00:46+00:00,3128760,Barcelona,ES,2026-06-14T20:00,41.4,2.2000008,Europe/Madrid,14.3,7.3,118.0,30.3,73.0,29
air_quality,2026-06-12T18:00:46+00:00,3128760,Barcelona,ES,2026-06-14T21:00,41.4,2.2000008,Europe/Madrid,14.9,7.5,121.0,38.4,62.0,25
air_quality,2026-06-12T18:00:46+00:00,3128760,Barcelona,ES,2026-06-14T22:00,41.4,2.2000008,Europe/Madrid,14.4,7.8,121.0,39.9,57.0,23
air_quality,2026-06-12T18:00:46+00:00,3128760,Barcelona,ES,2026-06-14T23:00,41.4,2.2000008,Europe/Madrid,14.2,9.1,120.0,39.8,54.0,22
air_quality,2026-06-12T18:00:46+00:00,3128760,Barcelona,ES,2026-06-15T00:00,41.4,2.2000008,Europe/Madrid,15.1,9.5,119.0,37.4,54.0,22
air_quality,2026-06-12T18:00:46+00:00,3128760,Barcelona,ES,2026-06-15T01:00,41.4,2.2000008,Europe/Madrid,16.0,9.5,122.0,40.6,50.0,20
air_quality,2026-06-12T18:00:46+00:00,3128760,Barcelona,ES,2026-06-15T02:00,41.4,2.2000008,Europe/Madrid,16.9,9.6,123.0,37.7,44.0,19
air_quality,2026-06-12T18:00:46+00:00,3128760,Barcelona,ES,2026-06-15T03:00,41.4,2.2000008,Europe/Madrid,16.6,9.8,126.0,37.4,36.0,19
air_quality,2026-06-12T18:00:46+00:00,3128760,Barcelona,ES,2026-06-15T04:00,41.4,2.2000008,Europe/Madrid,16.4,9.9,129.0,37.5,30.0,19
air_quality,2026-06-12T18:00:46+00:00,3128760,Barcelona,ES,2026-06-15T05:00,41.4,2.2000008,Europe/Madrid,16.8,9.8,135.0,38.5,27.0,19
air_quality,2026-06-12T18:00:46+00:00,3128760,Barcelona,ES,2026-06-15T06:00,41.4,2.2000008,Europe/Madrid,17.0,10.6,142.0,41.9,21.0,21
air_quality,2026-06-12T18:00:46+00:00,3128760,Barcelona,ES,2026-06-15T07:00,41.4,2.2000008,Europe/Madrid,17.3,11.6,152.0,40.3,19.0,20
air_quality,2026-06-12T18:00:46+00:00,3128760,Barcelona,ES,2026-06-15T08:00,41.4,2.2000008,Europe/Madrid,19.7,13.9,184.0,45.2,20.0,22
air_quality,2026-06-12T18:00:46+00:00,3128760,Barcelona,ES,2026-06-15T09:00,41.4,2.2000008,Europe/Madrid,20.1,13.6,203.0,45.2,33.0,22
air_quality,2026-06-12T18:00:46+00:00,3128760,Barcelona,ES,2026-06-15T10:00,41.4,2.2000008,Europe/Madrid,18.7,13.1,181.0,43.6,42.0,21
air_quality,2026-06-12T18:00:46+00:00,3128760,Barcelona,ES,2026-06-15T11:00,41.4,2.2000008,Europe/Madrid,16.4,11.2,155.0,28.7,58.0,23
air_quality,2026-06-12T18:00:46+00:00,3128760,Barcelona,ES,2026-06-15T12:00,41.4,2.2000008,Europe/Madrid,13.1,10.3,134.0,20.0,75.0,30
air_quality,2026-06-12T18:00:46+00:00,3128760,Barcelona,ES,2026-06-15T13:00,41.4,2.2000008,Europe/Madrid,11.4,8.9,126.0,15.6,88.0,35
air_quality,2026-06-12T18:00:46+00:00,3128760,Barcelona,ES,2026-06-15T14:00,41.4,2.2000008,Europe/Madrid,11.2,7.7,116.0,13.1,92.0,37
air_quality,2026-06-12T18:00:46+00:00,3128760,Barcelona,ES,2026-06-15T15:00,41.4,2.2000008,Europe/Madrid,11.3,7.0,116.0,12.9,96.0,38
air_quality,2026-06-12T18:00:46+00:00,3128760,Barcelona,ES,2026-06-15T16:00,41.4,2.2000008,Europe/Madrid,11.9,7.2,119.0,13.0,98.0,39
air_quality,2026-06-12T18:00:46+00:00,3128760,Barcelona,ES,2026-06-15T17:00,41.4,2.2000008,Europe/Madrid,12.5,8.4,118.0,14.4,93.0,37
air_quality,2026-06-12T18:00:46+00:00,3128760,Barcelona,ES,2026-06-15T18:00,41.4,2.2000008,Europe/Madrid,14.1,9.7,125.0,20.4,90.0,36
air_quality,2026-06-12T18:00:46+00:00,3128760,Barcelona,ES,2026-06-15T19:00,41.4,2.2000008,Europe/Madrid,15.7,10.5,132.0,31.6,88.0,35
air_quality,2026-06-12T18:00:46+00:00,3128760,Barcelona,ES,2026-06-15T20:00,41.4,2.2000008,Europe/Madrid,16.8,11.1,133.0,35.7,86.0,34
air_quality,2026-06-12T18:00:46+00:00,3128760,Barcelona,ES,2026-06-15T21:00,41.4,2.2000008,Europe/Madrid,18.7,11.4,135.0,38.6,77.0,31
air_quality,2026-06-12T18:00:46+00:00,3128760,Barcelona,ES,2026-06-15T22:00,41.4,2.2000008,Europe/Madrid,20.1,11.8,139.0,53.2,61.0,25
air_quality,2026-06-12T18:00:46+00:00,3128760,Barcelona,ES,2026-06-15T23:00,41.4,2.2000008,Europe/Madrid,22.2,12.5,146.0,66.0,48.0,30
air_quality,2026-06-12T18:00:46+00:00,3128760,Barcelona,ES,2026-06-16T00:00,41.4,2.2000008,Europe/Madrid,22.7,16.1,161.3,57.4,43.3,33
air_quality,2026-06-12T18:00:46+00:00,3128760,Barcelona,ES,2026-06-16T01:00,41.4,2.2000008,Europe/Madrid,22.5,16.1,181.5,47.7,47.0,35
air_quality,2026-06-12T18:00:46+00:00,3128760,Barcelona,ES,2026-06-16T02:00,41.4,2.2000008,Europe/Madrid,21.7,15.9,200.8,34.4,51.3,34
air_quality,2026-06-12T18:00:46+00:00,3128760,Barcelona,ES,2026-06-16T03:00,41.4,2.2000008,Europe/Madrid,20.1,15.3,220.0,21.4,52.0,29
air_quality,2026-06-12T18:00:46+00:00,3128760,Barcelona,ES,2026-06-16T04:00,41.4,2.2000008,Europe/Madrid,19.7,15.3,221.0,23.9,45.0,30
air_quality,2026-06-12T18:00:46+00:00,3128760,Barcelona,ES,2026-06-16T05:00,41.4,2.2000008,Europe/Madrid,19.2,15.1,217.0,25.3,39.0,30
air_quality,2026-06-12T18:00:46+00:00,3128760,Barcelona,ES,2026-06-16T06:00,41.4,2.2000008,Europe/Madrid,18.5,15.0,208.0,24.7,35.0,31
air_quality,2026-06-12T18:00:46+00:00,3128760,Barcelona,ES,2026-06-16T07:00,41.4,2.2000008,Europe/Madrid,17.6,14.6,195.0,22.9,33.0,31
air_quality,2026-06-12T18:00:46+00:00,3128760,Barcelona,ES,2026-06-16T08:00,41.4,2.2000008,Europe/Madrid,17.0,14.2,184.0,21.5,35.0,31
air_quality,2026-06-12T18:00:46+00:00,3128760,Barcelona,ES,2026-06-16T09:00,41.4,2.2000008,Europe/Madrid,18.2,14.9,180.0,21.3,45.0,31
air_quality,2026-06-12T18:00:46+00:00,3128760,Barcelona,ES,2026-06-16T10:00,41.4,2.2000008,Europe/Madrid,19.4,15.5,178.0,21.4,60.0,31
air_quality,2026-06-12T18:00:46+00:00,3128760,Barcelona,ES,2026-06-16T11:00,41.4,2.2000008,Europe/Madrid,22.6,17.8,173.0,20.8,74.0,31
air_quality,2026-06-12T18:00:46+00:00,3128760,Barcelona,ES,2026-06-16T12:00,41.4,2.2000008,Europe/Madrid,27.3,21.0,161.0,18.7,85.0,34
air_quality,2026-06-12T18:00:46+00:00,3128760,Barcelona,ES,2026-06-16T13:00,41.4,2.2000008,Europe/Madrid,28.4,21.2,145.0,15.7,94.0,38
air_quality,2026-06-12T18:00:46+00:00,3128760,Barcelona,ES,2026-06-16T14:00,41.4,2.2000008,Europe/Madrid,28.4,20.3,133.0,13.0,101.0,41
air_quality,2026-06-12T18:00:46+00:00,3128760,Barcelona,ES,2026-06-16T15:00,41.4,2.2000008,Europe/Madrid,27.9,19.2,125.0,10.4,105.0,43
air_quality,2026-06-12T18:00:46+00:00,3128760,Barcelona,ES,2026-06-16T16:00,41.4,2.2000008,Europe/Madrid,27.4,18.0,120.0,7.9,106.0,44
air_quality,2026-06-12T18:00:46+00:00,3128760,Barcelona,ES,2026-06-16T17:00,41.4,2.2000008,Europe/Madrid,26.8,17.3,119.0,7.0,106.0,44
air_quality,2026-06-12T18:00:46+00:00,3128760,Barcelona,ES,2026-06-16T18:00,41.4,2.2000008,Europe/Madrid,26.1,16.9,123.0,8.5,104.0,43
air_quality,2026-06-12T18:00:46+00:00,3128760,Barcelona,ES,2026-06-16T19:00,41.4,2.2000008,Europe/Madrid,26.4,17.2,131.0,11.5,100.0,40
air_quality,2026-06-12T18:00:46+00:00,3128760,Barcelona,ES,2026-06-16T20:00,41.4,2.2000008,Europe/Madrid,26.8,18.0,137.0,14.3,95.0,38
air_quality,2026-06-12T18:00:46+00:00,3128760,Barcelona,ES,2026-06-16T21:00,41.4,2.2000008,Europe/Madrid,27.7,19.0,139.0,16.2,90.0,36
air_quality,2026-06-12T18:00:46+00:00,3128760,Barcelona,ES,2026-06-16T22:00,41.4,2.2000008,Europe/Madrid,28.1,19.4,139.0,18.0,83.0,34
air_quality,2026-06-12T18:00:46+00:00,3128760,Barcelona,ES,2026-06-16T23:00,41.4,2.2000008,Europe/Madrid,28.5,19.4,142.0,20.0,77.0,34
air_quality,2026-06-12T18:00:46+00:00,2509954,Valencia,ES,2026-06-12T00:00,39.5,-0.39999962,Europe/Madrid,12.9,5.2,108.0,13.4,68.0,27
air_quality,2026-06-12T18:00:46+00:00,2509954,Valencia,ES,2026-06-12T01:00,39.5,-0.39999962,Europe/Madrid,13.0,6.0,110.0,17.2,61.0,24
air_quality,2026-06-12T18:00:46+00:00,2509954,Valencia,ES,2026-06-12T02:00,39.5,-0.39999962,Europe/Madrid,15.6,5.7,112.0,20.9,50.0,20
air_quality,2026-06-12T18:00:46+00:00,2509954,Valencia,ES,2026-06-12T03:00,39.5,-0.39999962,Europe/Madrid,16.9,5.6,113.0,23.7,39.0,16
air_quality,2026-06-12T18:00:46+00:00,2509954,Valencia,ES,2026-06-12T04:00,39.5,-0.39999962,Europe/Madrid,16.0,6.2,115.0,27.1,46.0,18
air_quality,2026-06-12T18:00:46+00:00,2509954,Valencia,ES,2026-06-12T05:00,39.5,-0.39999962,Europe/Madrid,15.0,6.8,116.0,28.0,39.0,16
air_quality,2026-06-12T18:00:46+00:00,2509954,Valencia,ES,2026-06-12T06:00,39.5,-0.39999962,Europe/Madrid,14.5,7.3,118.0,30.9,34.0,15
air_quality,2026-06-12T18:00:46+00:00,2509954,Valencia,ES,2026-06-12T07:00,39.5,-0.39999962,Europe/Madrid,15.5,8.2,125.0,33.7,29.0,17
air_quality,2026-06-12T18:00:46+00:00,2509954,Valencia,ES,2026-06-12T08:00,39.5,-0.39999962,Europe/Madrid,16.0,9.2,130.0,34.8,25.0,17
air_quality,2026-06-12T18:00:46+00:00,2509954,Valencia,ES,2026-06-12T09:00,39.5,-0.39999962,Europe/Madrid,16.8,7.4,129.0,27.0,39.0,16
air_quality,2026-06-12T18:00:46+00:00,2509954,Valencia,ES,2026-06-12T10:00,39.5,-0.39999962,Europe/Madrid,14.6,6.3,121.0,18.4,55.0,22
air_quality,2026-06-12T18:00:46+00:00,2509954,Valencia,ES,2026-06-12T11:00,39.5,-0.39999962,Europe/Madrid,12.9,6.3,114.0,12.5,68.0,27
air_quality,2026-06-12T18:00:46+00:00,2509954,Valencia,ES,2026-06-12T12:00,39.5,-0.39999962,Europe/Madrid,12.3,5.9,111.0,8.0,82.0,33
air_quality,2026-06-12T18:00:46+00:00,2509954,Valencia,ES,2026-06-12T13:00,39.5,-0.39999962,Europe/Madrid,12.9,6.3,110.0,4.9,91.0,36
air_quality,2026-06-12T18:00:46+00:00,2509954,Valencia,ES,2026-06-12T14:00,39.5,-0.39999962,Europe/Madrid,11.6,6.0,109.0,4.3,93.0,37
air_quality,2026-06-12T18:00:46+00:00,2509954,Valencia,ES,2026-06-12T15:00,39.5,-0.39999962,Europe/Madrid,9.9,4.9,107.0,3.9,96.0,38
air_quality,2026-06-12T18:00:46+00:00,2509954,Valencia,ES,2026-06-12T16:00,39.5,-0.39999962,Europe/Madrid,8.9,4.5,107.0,4.7,94.0,38
air_quality,2026-06-12T18:00:46+00:00,2509954,Valencia,ES,2026-06-12T17:00,39.5,-0.39999962,Europe/Madrid,8.0,4.6,106.0,4.6,92.0,37
air_quality,2026-06-12T18:00:46+00:00,2509954,Valencia,ES,2026-06-12T18:00,39.5,-0.39999962,Europe/Madrid,8.7,4.7,107.0,5.2,91.0,36
air_quality,2026-06-12T18:00:46+00:00,2509954,Valencia,ES,2026-06-12T19:00,39.5,-0.39999962,Europe/Madrid,9.4,4.2,107.0,6.3,88.0,35
air_quality,2026-06-12T18:00:46+00:00,2509954,Valencia,ES,2026-06-12T20:00,39.5,-0.39999962,Europe/Madrid,10.3,5.0,107.0,7.3,87.0,35
air_quality,2026-06-12T18:00:46+00:00,2509954,Valencia,ES,2026-06-12T21:00,39.5,-0.39999962,Europe/Madrid,10.9,5.2,106.0,11.6,87.0,35
air_quality,2026-06-12T18:00:46+00:00,2509954,Valencia,ES,2026-06-12T22:00,39.5,-0.39999962,Europe/Madrid,10.7,5.7,112.0,15.1,85.0,34
air_quality,2026-06-12T18:00:46+00:00,2509954,Valencia,ES,2026-06-12T23:00,39.5,-0.39999962,Europe/Madrid,10.3,6.1,111.0,17.9,76.0,30
air_quality,2026-06-12T18:00:46+00:00,2509954,Valencia,ES,2026-06-13T00:00,39.5,-0.39999962,Europe/Madrid,12.1,6.4,114.0,22.0,62.0,25
air_quality,2026-06-12T18:00:46+00:00,2509954,Valencia,ES,2026-06-13T01:00,39.5,-0.39999962,Europe/Madrid,12.0,6.8,120.0,28.2,51.0,20
air_quality,2026-06-12T18:00:46+00:00,2509954,Valencia,ES,2026-06-13T02:00,39.5,-0.39999962,Europe/Madrid,12.4,7.4,124.0,31.0,50.0,20
air_quality,2026-06-12T18:00:46+00:00,2509954,Valencia,ES,2026-06-13T03:00,39.5,-0.39999962,Europe/Madrid,12.6,7.2,123.0,28.1,49.0,20
air_quality,2026-06-12T18:00:46+00:00,2509954,Valencia,ES,2026-06-13T04:00,39.5,-0.39999962,Europe/Madrid,12.0,6.9,122.0,28.0,43.0,17
air_quality,2026-06-12T18:00:46+00:00,2509954,Valencia,ES,2026-06-13T05:00,39.5,-0.39999962,Europe/Madrid,11.5,6.6,121.0,29.4,35.0,15
air_quality,2026-06-12T18:00:46+00:00,2509954,Valencia,ES,2026-06-13T06:00,39.5,-0.39999962,Europe/Madrid,11.5,6.6,119.0,26.0,29.0,13
air_quality,2026-06-12T18:00:46+00:00,2509954,Valencia,ES,2026-06-13T07:00,39.5,-0.39999962,Europe/Madrid,11.3,7.0,118.0,24.7,27.0,12
air_quality,2026-06-12T18:00:46+00:00,2509954,Valencia,ES,2026-06-13T08:00,39.5,-0.39999962,Europe/Madrid,11.4,6.4,124.0,20.7,30.0,12
air_quality,2026-06-12T18:00:46+00:00,2509954,Valencia,ES,2026-06-13T09:00,39.5,-0.39999962,Europe/Madrid,10.7,6.9,122.0,15.0,53.0,21
air_quality,2026-06-12T18:00:46+00:00,2509954,Valencia,ES,2026-06-13T10:00,39.5,-0.39999962,Europe/Madrid,10.0,6.3,127.0,13.0,53.0,21
air_quality,2026-06-12T18:00:46+00:00,2509954,Valencia,ES,2026-06-13T11:00,39.5,-0.39999962,Europe/Madrid,9.9,5.7,121.0,9.9,68.0,27
air_quality,2026-06-12T18:00:46+00:00,2509954,Valencia,ES,2026-06-13T12:00,39.5,-0.39999962,Europe/Madrid,11.3,5.5,113.0,8.3,85.0,34
air_quality,2026-06-12T18:00:46+00:00,2509954,Valencia,ES,2026-06-13T13:00,39.5,-0.39999962,Europe/Madrid,10.0,5.9,110.0,7.1,91.0,36
air_quality,2026-06-12T18:00:46+00:00,2509954,Valencia,ES,2026-06-13T14:00,39.5,-0.39999962,Europe/Madrid,10.4,6.2,110.0,5.4,90.0,36
air_quality,2026-06-12T18:00:46+00:00,2509954,Valencia,ES,2026-06-13T15:00,39.5,-0.39999962,Europe/Madrid,10.6,6.5,106.0,5.4,89.0,36
air_quality,2026-06-12T18:00:46+00:00,2509954,Valencia,ES,2026-06-13T16:00,39.5,-0.39999962,Europe/Madrid,11.2,6.6,106.0,4.6,87.0,35
air_quality,2026-06-12T18:00:46+00:00,2509954,Valencia,ES,2026-06-13T17:00,39.5,-0.39999962,Europe/Madrid,10.9,6.6,106.0,5.4,88.0,35
air_quality,2026-06-12T18:00:46+00:00,2509954,Valencia,ES,2026-06-13T18:00,39.5,-0.39999962,Europe/Madrid,11.1,6.4,106.0,5.9,91.0,36
air_quality,2026-06-12T18:00:46+00:00,2509954,Valencia,ES,2026-06-13T19:00,39.5,-0.39999962,Europe/Madrid,10.3,6.4,107.0,6.4,92.0,37
air_quality,2026-06-12T18:00:46+00:00,2509954,Valencia,ES,2026-06-13T20:00,39.5,-0.39999962,Europe/Madrid,11.2,6.5,107.0,8.9,91.0,36
air_quality,2026-06-12T18:00:46+00:00,2509954,Valencia,ES,2026-06-13T21:00,39.5,-0.39999962,Europe/Madrid,11.5,6.9,112.0,14.7,84.0,34
air_quality,2026-06-12T18:00:46+00:00,2509954,Valencia,ES,2026-06-13T22:00,39.5,-0.39999962,Europe/Madrid,12.3,7.1,113.0,20.4,75.0,30
air_quality,2026-06-12T18:00:46+00:00,2509954,Valencia,ES,2026-06-13T23:00,39.5,-0.39999962,Europe/Madrid,13.3,7.7,116.0,32.2,68.0,27
air_quality,2026-06-12T18:00:46+00:00,2509954,Valencia,ES,2026-06-14T00:00,39.5,-0.39999962,Europe/Madrid,13.5,8.1,117.0,35.3,60.0,24
air_quality,2026-06-12T18:00:46+00:00,2509954,Valencia,ES,2026-06-14T01:00,39.5,-0.39999962,Europe/Madrid,14.0,8.4,120.0,40.0,53.0,21
air_quality,2026-06-12T18:00:46+00:00,2509954,Valencia,ES,2026-06-14T02:00,39.5,-0.39999962,Europe/Madrid,14.9,8.8,122.0,45.2,46.0,22
air_quality,2026-06-12T18:00:46+00:00,2509954,Valencia,ES,2026-06-14T03:00,39.5,-0.39999962,Europe/Madrid,15.4,9.0,128.0,40.6,37.0,20
air_quality,2026-06-12T18:00:46+00:00,2509954,Valencia,ES,2026-06-14T04:00,39.5,-0.39999962,Europe/Madrid,14.7,9.0,128.0,32.8,35.0,16
air_quality,2026-06-12T18:00:46+00:00,2509954,Valencia,ES,2026-06-14T05:00,39.5,-0.39999962,Europe/Madrid,13.9,8.7,124.0,28.4,32.0,14
air_quality,2026-06-12T18:00:46+00:00,2509954,Valencia,ES,2026-06-14T06:00,39.5,-0.39999962,Europe/Madrid,13.0,8.1,120.0,25.4,28.0,14
air_quality,2026-06-12T18:00:46+00:00,2509954,Valencia,ES,2026-06-14T07:00,39.5,-0.39999962,Europe/Madrid,12.3,7.7,120.0,23.2,25.0,14
air_quality,2026-06-12T18:00:46+00:00,2509954,Valencia,ES,2026-06-14T08:00,39.5,-0.39999962,Europe/Madrid,12.2,7.3,122.0,20.9,31.0,14
air_quality,2026-06-12T18:00:46+00:00,2509954,Valencia,ES,2026-06-14T09:00,39.5,-0.39999962,Europe/Madrid,12.5,7.2,121.0,16.9,42.0,17
air_quality,2026-06-12T18:00:46+00:00,2509954,Valencia,ES,2026-06-14T10:00,39.5,-0.39999962,Europe/Madrid,12.5,7.3,122.0,13.4,52.0,21
air_quality,2026-06-12T18:00:46+00:00,2509954,Valencia,ES,2026-06-14T11:00,39.5,-0.39999962,Europe/Madrid,12.7,7.3,117.0,8.5,66.0,26
air_quality,2026-06-12T18:00:46+00:00,2509954,Valencia,ES,2026-06-14T12:00,39.5,-0.39999962,Europe/Madrid,12.2,7.6,117.0,6.9,86.0,34
air_quality,2026-06-12T18:00:46+00:00,2509954,Valencia,ES,2026-06-14T13:00,39.5,-0.39999962,Europe/Madrid,12.4,7.8,112.0,5.6,92.0,37
air_quality,2026-06-12T18:00:46+00:00,2509954,Valencia,ES,2026-06-14T14:00,39.5,-0.39999962,Europe/Madrid,12.1,7.6,109.0,5.3,100.0,40
air_quality,2026-06-12T18:00:46+00:00,2509954,Valencia,ES,2026-06-14T15:00,39.5,-0.39999962,Europe/Madrid,10.3,7.0,108.0,3.5,99.0,40
air_quality,2026-06-12T18:00:46+00:00,2509954,Valencia,ES,2026-06-14T16:00,39.5,-0.39999962,Europe/Madrid,10.5,6.7,102.0,3.3,100.0,40
air_quality,2026-06-12T18:00:46+00:00,2509954,Valencia,ES,2026-06-14T17:00,39.5,-0.39999962,Europe/Madrid,10.3,7.4,102.0,3.2,102.0,41
air_quality,2026-06-12T18:00:46+00:00,2509954,Valencia,ES,2026-06-14T18:00,39.5,-0.39999962,Europe/Madrid,11.6,7.1,104.0,4.4,103.0,42
air_quality,2026-06-12T18:00:46+00:00,2509954,Valencia,ES,2026-06-14T19:00,39.5,-0.39999962,Europe/Madrid,11.6,6.7,105.0,7.3,102.0,41
air_quality,2026-06-12T18:00:46+00:00,2509954,Valencia,ES,2026-06-14T20:00,39.5,-0.39999962,Europe/Madrid,11.0,6.8,104.0,9.5,97.0,39
air_quality,2026-06-12T18:00:46+00:00,2509954,Valencia,ES,2026-06-14T21:00,39.5,-0.39999962,Europe/Madrid,12.5,7.3,108.0,12.4,95.0,38
air_quality,2026-06-12T18:00:46+00:00,2509954,Valencia,ES,2026-06-14T22:00,39.5,-0.39999962,Europe/Madrid,12.7,7.7,108.0,16.4,90.0,36
air_quality,2026-06-12T18:00:46+00:00,2509954,Valencia,ES,2026-06-14T23:00,39.5,-0.39999962,Europe/Madrid,12.6,7.6,108.0,16.3,83.0,33
air_quality,2026-06-12T18:00:46+00:00,2509954,Valencia,ES,2026-06-15T00:00,39.5,-0.39999962,Europe/Madrid,13.0,7.8,110.0,18.4,74.0,30
air_quality,2026-06-12T18:00:46+00:00,2509954,Valencia,ES,2026-06-15T01:00,39.5,-0.39999962,Europe/Madrid,12.4,8.0,115.0,23.2,61.0,24
air_quality,2026-06-12T18:00:46+00:00,2509954,Valencia,ES,2026-06-15T02:00,39.5,-0.39999962,Europe/Madrid,12.7,8.4,122.0,28.2,52.0,21
air_quality,2026-06-12T18:00:46+00:00,2509954,Valencia,ES,2026-06-15T03:00,39.5,-0.39999962,Europe/Madrid,13.7,8.8,122.0,30.8,43.0,17
air_quality,2026-06-12T18:00:46+00:00,2509954,Valencia,ES,2026-06-15T04:00,39.5,-0.39999962,Europe/Madrid,14.4,8.9,121.0,32.7,33.0,16
air_quality,2026-06-12T18:00:46+00:00,2509954,Valencia,ES,2026-06-15T05:00,39.5,-0.39999962,Europe/Madrid,14.7,8.7,123.0,37.4,31.0,19
air_quality,2026-06-12T18:00:46+00:00,2509954,Valencia,ES,2026-06-15T06:00,39.5,-0.39999962,Europe/Madrid,15.7,8.7,125.0,37.5,30.0,19
air_quality,2026-06-12T18:00:46+00:00,2509954,Valencia,ES,2026-06-15T07:00,39.5,-0.39999962,Europe/Madrid,17.3,9.2,129.0,37.0,15.0,19
air_quality,2026-06-12T18:00:46+00:00,2509954,Valencia,ES,2026-06-15T08:00,39.5,-0.39999962,Europe/Madrid,17.8,10.3,145.0,42.1,22.0,21
air_quality,2026-06-12T18:00:46+00:00,2509954,Valencia,ES,2026-06-15T09:00,39.5,-0.39999962,Europe/Madrid,17.7,10.2,142.0,43.4,39.0,21
air_quality,2026-06-12T18:00:46+00:00,2509954,Valencia,ES,2026-06-15T10:00,39.5,-0.39999962,Europe/Madrid,17.5,9.7,132.0,33.7,52.0,21
air_quality,2026-06-12T18:00:46+00:00,2509954,Valencia,ES,2026-06-15T11:00,39.5,-0.39999962,Europe/Madrid,14.5,8.2,121.0,21.2,63.0,25
air_quality,2026-06-12T18:00:46+00:00,2509954,Valencia,ES,2026-06-15T12:00,39.5,-0.39999962,Europe/Madrid,10.8,6.5,109.0,12.7,75.0,30
air_quality,2026-06-12T18:00:46+00:00,2509954,Valencia,ES,2026-06-15T13:00,39.5,-0.39999962,Europe/Madrid,10.3,5.2,104.0,8.5,84.0,34
air_quality,2026-06-12T18:00:46+00:00,2509954,Valencia,ES,2026-06-15T14:00,39.5,-0.39999962,Europe/Madrid,10.2,6.0,103.0,5.8,92.0,37
air_quality,2026-06-12T18:00:46+00:00,2509954,Valencia,ES,2026-06-15T15:00,39.5,-0.39999962,Europe/Madrid,11.1,6.2,102.0,4.6,99.0,40
air_quality,2026-06-12T18:00:46+00:00,2509954,Valencia,ES,2026-06-15T16:00,39.5,-0.39999962,Europe/Madrid,11.5,6.2,100.0,4.4,104.0,43
air_quality,2026-06-12T18:00:46+00:00,2509954,Valencia,ES,2026-06-15T17:00,39.5,-0.39999962,Europe/Madrid,11.6,6.8,102.0,4.6,105.0,43
air_quality,2026-06-12T18:00:46+00:00,2509954,Valencia,ES,2026-06-15T18:00,39.5,-0.39999962,Europe/Madrid,12.5,6.9,102.0,6.2,106.0,44
air_quality,2026-06-12T18:00:46+00:00,2509954,Valencia,ES,2026-06-15T19:00,39.5,-0.39999962,Europe/Madrid,13.2,7.1,104.0,8.3,103.0,42
air_quality,2026-06-12T18:00:46+00:00,2509954,Valencia,ES,2026-06-15T20:00,39.5,-0.39999962,Europe/Madrid,13.6,7.1,105.0,10.7,97.0,39
air_quality,2026-06-12T18:00:46+00:00,2509954,Valencia,ES,2026-06-15T21:00,39.5,-0.39999962,Europe/Madrid,13.1,7.0,104.0,14.1,91.0,36
air_quality,2026-06-12T18:00:46+00:00,2509954,Valencia,ES,2026-06-15T22:00,39.5,-0.39999962,Europe/Madrid,13.2,7.0,102.0,16.7,84.0,34
air_quality,2026-06-12T18:00:46+00:00,2509954,Valencia,ES,2026-06-15T23:00,39.5,-0.39999962,Europe/Madrid,13.9,7.0,102.0,19.9,79.0,32
air_quality,2026-06-12T18:00:46+00:00,2509954,Valencia,ES,2026-06-16T00:00,39.5,-0.39999962,Europe/Madrid,18.3,9.9,104.0,22.6,73.8,30
air_quality,2026-06-12T18:00:46+00:00,2509954,Valencia,ES,2026-06-16T01:00,39.5,-0.39999962,Europe/Madrid,22.8,13.6,106.5,25.6,66.5,28
air_quality,2026-06-12T18:00:46+00:00,2509954,Valencia,ES,2026-06-16T02:00,39.5,-0.39999962,Europe/Madrid,27.0,17.7,110.0,26.5,56.0,28
air_quality,2026-06-12T18:00:46+00:00,2509954,Valencia,ES,2026-06-16T03:00,39.5,-0.39999962,Europe/Madrid,28.2,20.3,118.0,27.8,44.0,27
air_quality,2026-06-12T18:00:46+00:00,2509954,Valencia,ES,2026-06-16T04:00,39.5,-0.39999962,Europe/Madrid,24.0,17.5,125.0,26.9,35.0,31
air_quality,2026-06-12T18:00:46+00:00,2509954,Valencia,ES,2026-06-16T05:00,39.5,-0.39999962,Europe/Madrid,19.0,14.7,132.0,25.1,31.0,31
air_quality,2026-06-12T18:00:46+00:00,2509954,Valencia,ES,2026-06-16T06:00,39.5,-0.39999962,Europe/Madrid,18.0,13.6,138.0,21.9,33.0,31
air_quality,2026-06-12T18:00:46+00:00,2509954,Valencia,ES,2026-06-16T07:00,39.5,-0.39999962,Europe/Madrid,22.8,15.6,144.0,17.7,38.0,32
air_quality,2026-06-12T18:00:46+00:00,2509954,Valencia,ES,2026-06-16T08:00,39.5,-0.39999962,Europe/Madrid,24.4,16.0,146.0,13.9,47.0,32
air_quality,2026-06-12T18:00:46+00:00,2509954,Valencia,ES,2026-06-16T09:00,39.5,-0.39999962,Europe/Madrid,27.0,16.6,144.0,11.1,60.0,32
air_quality,2026-06-12T18:00:46+00:00,2509954,Valencia,ES,2026-06-16T10:00,39.5,-0.39999962,Europe/Madrid,29.5,17.2,139.0,8.7,75.0,33
air_quality,2026-06-12T18:00:46+00:00,2509954,Valencia,ES,2026-06-16T11:00,39.5,-0.39999962,Europe/Madrid,30.6,17.5,132.0,6.7,90.0,36
air_quality,2026-06-12T18:00:46+00:00,2509954,Valencia,ES,2026-06-16T12:00,39.5,-0.39999962,Europe/Madrid,31.4,18.1,123.0,4.9,104.0,43
air_quality,2026-06-12T18:00:46+00:00,2509954,Valencia,ES,2026-06-16T13:00,39.5,-0.39999962,Europe/Madrid,30.4,17.8,113.0,3.4,118.0,52
air_quality,2026-06-12T18:00:46+00:00,2509954,Valencia,ES,2026-06-16T14:00,39.5,-0.39999962,Europe/Madrid,27.9,16.5,106.0,2.3,127.0,58
air_quality,2026-06-12T18:00:46+00:00,2509954,Valencia,ES,2026-06-16T15:00,39.5,-0.39999962,Europe/Madrid,25.3,14.9,103.0,1.8,128.0,59
air_quality,2026-06-12T18:00:46+00:00,2509954,Valencia,ES,2026-06-16T16:00,39.5,-0.39999962,Europe/Madrid,23.5,13.7,103.0,1.7,125.0,57
air_quality,2026-06-12T18:00:46+00:00,2509954,Valencia,ES,2026-06-16T17:00,39.5,-0.39999962,Europe/Madrid,22.2,12.7,104.0,2.0,121.0,54
air_quality,2026-06-12T18:00:46+00:00,2509954,Valencia,ES,2026-06-16T18:00,39.5,-0.39999962,Europe/Madrid,22.9,12.7,105.0,2.6,117.0,51
air_quality,2026-06-12T18:00:46+00:00,2509954,Valencia,ES,2026-06-16T19:00,39.5,-0.39999962,Europe/Madrid,24.6,13.1,107.0,3.6,112.0,48
air_quality,2026-06-12T18:00:46+00:00,2509954,Valencia,ES,2026-06-16T20:00,39.5,-0.39999962,Europe/Madrid,26.3,13.6,109.0,4.8,107.0,45
air_quality,2026-06-12T18:00:46+00:00,2509954,Valencia,ES,2026-06-16T21:00,39.5,-0.39999962,Europe/Madrid,28.5,14.3,109.0,5.9,103.0,42
air_quality,2026-06-12T18:00:46+00:00,2509954,Valencia,ES,2026-06-16T22:00,39.5,-0.39999962,Europe/Madrid,30.2,15.0,109.0,7.2,98.0,39
air_quality,2026-06-12T18:00:46+00:00,2509954,Valencia,ES,2026-06-16T23:00,39.5,-0.39999962,Europe/Madrid,31.9,15.9,111.0,9.5,90.0,36
air_quality,2026-06-12T18:00:46+00:00,2510911,Seville,ES,2026-06-12T00:00,37.4,-6.0,Europe/Madrid,16.0,7.1,112.0,12.4,60.0,24
air_quality,2026-06-12T18:00:46+00:00,2510911,Seville,ES,2026-06-12T01:00,37.4,-6.0,Europe/Madrid,17.4,7.6,114.0,14.5,50.0,20
air_quality,2026-06-12T18:00:46+00:00,2510911,Seville,ES,2026-06-12T02:00,37.4,-6.0,Europe/Madrid,18.0,8.1,114.0,15.4,51.0,20
air_quality,2026-06-12T18:00:46+00:00,2510911,Seville,ES,2026-06-12T03:00,37.4,-6.0,Europe/Madrid,18.6,7.8,115.0,14.6,47.0,19
air_quality,2026-06-12T18:00:46+00:00,2510911,Seville,ES,2026-06-12T04:00,37.4,-6.0,Europe/Madrid,15.5,7.3,114.0,9.5,49.0,20
air_quality,2026-06-12T18:00:46+00:00,2510911,Seville,ES,2026-06-12T05:00,37.4,-6.0,Europe/Madrid,15.0,7.0,109.0,5.9,55.0,22
air_quality,2026-06-12T18:00:46+00:00,2510911,Seville,ES,2026-06-12T06:00,37.4,-6.0,Europe/Madrid,14.1,7.0,110.0,6.2,57.0,23
air_quality,2026-06-12T18:00:46+00:00,2510911,Seville,ES,2026-06-12T07:00,37.4,-6.0,Europe/Madrid,14.0,6.9,113.0,9.3,54.0,22
air_quality,2026-06-12T18:00:46+00:00,2510911,Seville,ES,2026-06-12T08:00,37.4,-6.0,Europe/Madrid,15.6,7.3,121.0,15.7,44.0,18
air_quality,2026-06-12T18:00:46+00:00,2510911,Seville,ES,2026-06-12T09:00,37.4,-6.0,Europe/Madrid,14.3,7.1,120.0,13.4,53.0,21
air_quality,2026-06-12T18:00:46+00:00,2510911,Seville,ES,2026-06-12T10:00,37.4,-6.0,Europe/Madrid,12.4,6.2,115.0,8.7,66.0,26
air_quality,2026-06-12T18:00:46+00:00,2510911,Seville,ES,2026-06-12T11:00,37.4,-6.0,Europe/Madrid,10.5,5.5,112.0,4.8,79.0,32
air_quality,2026-06-12T18:00:46+00:00,2510911,Seville,ES,2026-06-12T12:00,37.4,-6.0,Europe/Madrid,10.3,5.2,111.0,3.3,91.0,36
air_quality,2026-06-12T18:00:46+00:00,2510911,Seville,ES,2026-06-12T13:00,37.4,-6.0,Europe/Madrid,9.3,5.0,112.0,2.9,98.0,39
air_quality,2026-06-12T18:00:46+00:00,2510911,Seville,ES,2026-06-12T14:00,37.4,-6.0,Europe/Madrid,8.9,4.9,112.0,2.8,99.0,40
air_quality,2026-06-12T18:00:46+00:00,2510911,Seville,ES,2026-06-12T15:00,37.4,-6.0,Europe/Madrid,8.5,4.7,113.0,2.7,100.0,40
air_quality,2026-06-12T18:00:46+00:00,2510911,Seville,ES,2026-06-12T16:00,37.4,-6.0,Europe/Madrid,8.2,4.4,114.0,2.7,99.0,40
air_quality,2026-06-12T18:00:46+00:00,2510911,Seville,ES,2026-06-12T17:00,37.4,-6.0,Europe/Madrid,8.0,4.1,112.0,2.9,99.0,40
air_quality,2026-06-12T18:00:46+00:00,2510911,Seville,ES,2026-06-12T18:00,37.4,-6.0,Europe/Madrid,8.1,4.0,112.0,3.2,99.0,40
air_quality,2026-06-12T18:00:46+00:00,2510911,Seville,ES,2026-06-12T19:00,37.4,-6.0,Europe/Madrid,8.5,4.2,112.0,3.9,100.0,40
air_quality,2026-06-12T18:00:46+00:00,2510911,Seville,ES,2026-06-12T20:00,37.4,-6.0,Europe/Madrid,9.1,4.3,112.0,5.5,97.0,39
air_quality,2026-06-12T18:00:46+00:00,2510911,Seville,ES,2026-06-12T21:00,37.4,-6.0,Europe/Madrid,9.6,4.7,112.0,7.7,88.0,35
air_quality,2026-06-12T18:00:46+00:00,2510911,Seville,ES,2026-06-12T22:00,37.4,-6.0,Europe/Madrid,10.3,5.6,115.0,10.4,82.0,33
air_quality,2026-06-12T18:00:46+00:00,2510911,Seville,ES,2026-06-12T23:00,37.4,-6.0,Europe/Madrid,11.0,6.3,115.0,11.1,72.0,29
air_quality,2026-06-12T18:00:46+00:00,2510911,Seville,ES,2026-06-13T00:00,37.4,-6.0,Europe/Madrid,12.0,6.7,112.0,14.1,60.0,24
air_quality,2026-06-12T18:00:46+00:00,2510911,Seville,ES,2026-06-13T01:00,37.4,-6.0,Europe/Madrid,12.8,6.5,113.0,16.9,54.0,22
air_quality,2026-06-12T18:00:46+00:00,2510911,Seville,ES,2026-06-13T02:00,37.4,-6.0,Europe/Madrid,11.3,5.9,115.0,15.8,55.0,22
air_quality,2026-06-12T18:00:46+00:00,2510911,Seville,ES,2026-06-13T03:00,37.4,-6.0,Europe/Madrid,10.5,5.9,111.0,9.3,54.0,22
air_quality,2026-06-12T18:00:46+00:00,2510911,Seville,ES,2026-06-13T04:00,37.4,-6.0,Europe/Madrid,10.8,6.2,110.0,7.5,52.0,21
air_quality,2026-06-12T18:00:46+00:00,2510911,Seville,ES,2026-06-13T05:00,37.4,-6.0,Europe/Madrid,10.2,6.3,110.0,5.9,52.0,21
air_quality,2026-06-12T18:00:46+00:00,2510911,Seville,ES,2026-06-13T06:00,37.4,-6.0,Europe/Madrid,10.1,6.2,108.0,6.4,52.0,21
air_quality,2026-06-12T18:00:46+00:00,2510911,Seville,ES,2026-06-13T07:00,37.4,-6.0,Europe/Madrid,10.6,5.9,110.0,5.9,51.0,20
air_quality,2026-06-12T18:00:46+00:00,2510911,Seville,ES,2026-06-13T08:00,37.4,-6.0,Europe/Madrid,10.3,5.7,112.0,6.4,51.0,20
air_quality,2026-06-12T18:00:46+00:00,2510911,Seville,ES,2026-06-13T09:00,37.4,-6.0,Europe/Madrid,10.2,5.2,112.0,5.6,55.0,22
air_quality,2026-06-12T18:00:46+00:00,2510911,Seville,ES,2026-06-13T10:00,37.4,-6.0,Europe/Madrid,9.3,4.6,109.0,4.2,60.0,24
air_quality,2026-06-12T18:00:46+00:00,2510911,Seville,ES,2026-06-13T11:00,37.4,-6.0,Europe/Madrid,9.5,4.5,107.0,3.0,68.0,27
air_quality,2026-06-12T18:00:46+00:00,2510911,Seville,ES,2026-06-13T12:00,37.4,-6.0,Europe/Madrid,9.6,4.6,106.0,2.3,77.0,31
air_quality,2026-06-12T18:00:46+00:00,2510911,Seville,ES,2026-06-13T13:00,37.4,-6.0,Europe/Madrid,10.1,4.8,106.0,2.4,85.0,34
air_quality,2026-06-12T18:00:46+00:00,2510911,Seville,ES,2026-06-13T14:00,37.4,-6.0,Europe/Madrid,10.6,5.0,106.0,2.5,92.0,37
air_quality,2026-06-12T18:00:46+00:00,2510911,Seville,ES,2026-06-13T15:00,37.4,-6.0,Europe/Madrid,10.9,4.9,106.0,2.5,98.0,39
air_quality,2026-06-12T18:00:46+00:00,2510911,Seville,ES,2026-06-13T16:00,37.4,-6.0,Europe/Madrid,12.4,4.8,105.0,2.2,104.0,43
air_quality,2026-06-12T18:00:46+00:00,2510911,Seville,ES,2026-06-13T17:00,37.4,-6.0,Europe/Madrid,14.6,4.8,106.0,1.9,101.0,41
air_quality,2026-06-12T18:00:46+00:00,2510911,Seville,ES,2026-06-13T18:00,37.4,-6.0,Europe/Madrid,14.0,5.2,106.0,2.0,98.0,39
air_quality,2026-06-12T18:00:46+00:00,2510911,Seville,ES,2026-06-13T19:00,37.4,-6.0,Europe/Madrid,14.2,5.3,105.0,2.7,95.0,38
air_quality,2026-06-12T18:00:46+00:00,2510911,Seville,ES,2026-06-13T20:00,37.4,-6.0,Europe/Madrid,14.4,5.7,103.0,3.2,88.0,35
air_quality,2026-06-12T18:00:46+00:00,2510911,Seville,ES,2026-06-13T21:00,37.4,-6.0,Europe/Madrid,14.6,6.0,105.0,5.3,80.0,32
air_quality,2026-06-12T18:00:46+00:00,2510911,Seville,ES,2026-06-13T22:00,37.4,-6.0,Europe/Madrid,13.8,5.9,105.0,6.8,73.0,29
air_quality,2026-06-12T18:00:46+00:00,2510911,Seville,ES,2026-06-13T23:00,37.4,-6.0,Europe/Madrid,14.0,5.9,105.0,7.6,70.0,28
air_quality,2026-06-12T18:00:46+00:00,2510911,Seville,ES,2026-06-14T00:00,37.4,-6.0,Europe/Madrid,14.1,6.1,106.0,7.5,65.0,26
air_quality,2026-06-12T18:00:46+00:00,2510911,Seville,ES,2026-06-14T01:00,37.4,-6.0,Europe/Madrid,14.1,6.3,109.0,8.6,64.0,26
air_quality,2026-06-12T18:00:46+00:00,2510911,Seville,ES,2026-06-14T02:00,37.4,-6.0,Europe/Madrid,15.2,7.0,112.0,12.2,56.0,22
air_quality,2026-06-12T18:00:46+00:00,2510911,Seville,ES,2026-06-14T03:00,37.4,-6.0,Europe/Madrid,16.2,8.0,113.0,11.5,55.0,22
air_quality,2026-06-12T18:00:46+00:00,2510911,Seville,ES,2026-06-14T04:00,37.4,-6.0,Europe/Madrid,17.1,8.7,113.0,9.6,50.0,20
air_quality,2026-06-12T18:00:46+00:00,2510911,Seville,ES,2026-06-14T05:00,37.4,-6.0,Europe/Madrid,19.5,9.1,117.0,9.4,46.0,18
air_quality,2026-06-12T18:00:46+00:00,2510911,Seville,ES,2026-06-14T06:00,37.4,-6.0,Europe/Madrid,20.9,9.4,117.0,11.1,44.0,18
air_quality,2026-06-12T18:00:46+00:00,2510911,Seville,ES,2026-06-14T07:00,37.4,-6.0,Europe/Madrid,20.3,9.2,123.0,12.9,40.0,16
air_quality,2026-06-12T18:00:46+00:00,2510911,Seville,ES,2026-06-14T08:00,37.4,-6.0,Europe/Madrid,16.3,9.8,128.0,11.3,37.0,15
air_quality,2026-06-12T18:00:46+00:00,2510911,Seville,ES,2026-06-14T09:00,37.4,-6.0,Europe/Madrid,15.8,7.0,124.0,8.2,42.0,17
air_quality,2026-06-12T18:00:46+00:00,2510911,Seville,ES,2026-06-14T10:00,37.4,-6.0,Europe/Madrid,14.3,6.5,118.0,6.6,55.0,22
air_quality,2026-06-12T18:00:46+00:00,2510911,Seville,ES,2026-06-14T11:00,37.4,-6.0,Europe/Madrid,15.3,6.5,117.0,5.6,67.0,27
air_quality,2026-06-12T18:00:46+00:00,2510911,Seville,ES,2026-06-14T12:00,37.4,-6.0,Europe/Madrid,17.6,7.8,117.0,4.5,77.0,31
air_quality,2026-06-12T18:00:46+00:00,2510911,Seville,ES,2026-06-14T13:00,37.4,-6.0,Europe/Madrid,18.8,8.6,113.0,3.4,92.0,37
air_quality,2026-06-12T18:00:46+00:00,2510911,Seville,ES,2026-06-14T14:00,37.4,-6.0,Europe/Madrid,17.4,7.2,111.0,2.5,93.0,37
air_quality,2026-06-12T18:00:46+00:00,2510911,Seville,ES,2026-06-14T15:00,37.4,-6.0,Europe/Madrid,15.1,7.5,109.0,1.5,95.0,38
air_quality,2026-06-12T18:00:46+00:00,2510911,Seville,ES,2026-06-14T16:00,37.4,-6.0,Europe/Madrid,14.5,8.0,105.0,1.4,99.0,40
air_quality,2026-06-12T18:00:46+00:00,2510911,Seville,ES,2026-06-14T17:00,37.4,-6.0,Europe/Madrid,16.3,8.6,103.0,1.4,100.0,40
air_quality,2026-06-12T18:00:46+00:00,2510911,Seville,ES,2026-06-14T18:00,37.4,-6.0,Europe/Madrid,17.0,8.7,102.0,1.4,95.0,38
air_quality,2026-06-12T18:00:46+00:00,2510911,Seville,ES,2026-06-14T19:00,37.4,-6.0,Europe/Madrid,16.8,9.1,101.0,1.9,91.0,36
air_quality,2026-06-12T18:00:46+00:00,2510911,Seville,ES,2026-06-14T20:00,37.4,-6.0,Europe/Madrid,17.0,9.2,100.0,2.5,85.0,34
air_quality,2026-06-12T18:00:46+00:00,2510911,Seville,ES,2026-06-14T21:00,37.4,-6.0,Europe/Madrid,15.4,8.8,100.0,3.1,83.0,33
air_quality,2026-06-12T18:00:46+00:00,2510911,Seville,ES,2026-06-14T22:00,37.4,-6.0,Europe/Madrid,16.6,9.0,100.0,4.0,81.0,32
air_quality,2026-06-12T18:00:46+00:00,2510911,Seville,ES,2026-06-14T23:00,37.4,-6.0,Europe/Madrid,18.8,9.1,102.0,4.4,77.0,31
air_quality,2026-06-12T18:00:46+00:00,2510911,Seville,ES,2026-06-15T00:00,37.4,-6.0,Europe/Madrid,18.5,9.2,101.0,4.2,72.0,29
air_quality,2026-06-12T18:00:46+00:00,2510911,Seville,ES,2026-06-15T01:00,37.4,-6.0,Europe/Madrid,18.2,10.0,102.0,4.4,69.0,28
air_quality,2026-06-12T18:00:46+00:00,2510911,Seville,ES,2026-06-15T02:00,37.4,-6.0,Europe/Madrid,17.7,10.3,102.0,3.9,67.0,27
air_quality,2026-06-12T18:00:46+00:00,2510911,Seville,ES,2026-06-15T03:00,37.4,-6.0,Europe/Madrid,18.3,10.9,101.0,3.7,69.0,28
air_quality,2026-06-12T18:00:46+00:00,2510911,Seville,ES,2026-06-15T04:00,37.4,-6.0,Europe/Madrid,17.8,11.4,101.0,4.1,69.0,28
air_quality,2026-06-12T18:00:46+00:00,2510911,Seville,ES,2026-06-15T05:00,37.4,-6.0,Europe/Madrid,18.3,11.8,101.0,4.8,67.0,27
air_quality,2026-06-12T18:00:46+00:00,2510911,Seville,ES,2026-06-15T06:00,37.4,-6.0,Europe/Madrid,18.9,12.1,103.0,6.2,64.0,26
air_quality,2026-06-12T18:00:46+00:00,2510911,Seville,ES,2026-06-15T07:00,37.4,-6.0,Europe/Madrid,18.6,11.9,108.0,7.2,60.0,24
air_quality,2026-06-12T18:00:46+00:00,2510911,Seville,ES,2026-06-15T08:00,37.4,-6.0,Europe/Madrid,18.9,12.1,109.0,11.7,58.0,23
air_quality,2026-06-12T18:00:46+00:00,2510911,Seville,ES,2026-06-15T09:00,37.4,-6.0,Europe/Madrid,18.1,11.0,111.0,14.5,58.0,23
air_quality,2026-06-12T18:00:46+00:00,2510911,Seville,ES,2026-06-15T10:00,37.4,-6.0,Europe/Madrid,16.2,10.1,107.0,12.6,66.0,26
air_quality,2026-06-12T18:00:46+00:00,2510911,Seville,ES,2026-06-15T11:00,37.4,-6.0,Europe/Madrid,15.8,9.7,104.0,8.6,70.0,28
air_quality,2026-06-12T18:00:46+00:00,2510911,Seville,ES,2026-06-15T12:00,37.4,-6.0,Europe/Madrid,15.6,9.5,103.0,5.1,75.0,30
air_quality,2026-06-12T18:00:46+00:00,2510911,Seville,ES,2026-06-15T13:00,37.4,-6.0,Europe/Madrid,17.2,9.2,102.0,4.0,88.0,35
air_quality,2026-06-12T18:00:46+00:00,2510911,Seville,ES,2026-06-15T14:00,37.4,-6.0,Europe/Madrid,15.1,8.5,102.0,3.3,90.0,36
air_quality,2026-06-12T18:00:46+00:00,2510911,Seville,ES,2026-06-15T15:00,37.4,-6.0,Europe/Madrid,15.4,8.1,102.0,2.6,91.0,36
air_quality,2026-06-12T18:00:46+00:00,2510911,Seville,ES,2026-06-15T16:00,37.4,-6.0,Europe/Madrid,15.4,8.3,102.0,2.5,91.0,36
air_quality,2026-06-12T18:00:46+00:00,2510911,Seville,ES,2026-06-15T17:00,37.4,-6.0,Europe/Madrid,15.7,8.5,101.0,2.6,90.0,36
air_quality,2026-06-12T18:00:46+00:00,2510911,Seville,ES,2026-06-15T18:00,37.4,-6.0,Europe/Madrid,16.1,8.6,102.0,3.1,88.0,35
air_quality,2026-06-12T18:00:46+00:00,2510911,Seville,ES,2026-06-15T19:00,37.4,-6.0,Europe/Madrid,16.3,8.8,104.0,4.3,83.0,33
air_quality,2026-06-12T18:00:46+00:00,2510911,Seville,ES,2026-06-15T20:00,37.4,-6.0,Europe/Madrid,16.8,9.1,108.0,5.3,80.0,32
air_quality,2026-06-12T18:00:46+00:00,2510911,Seville,ES,2026-06-15T21:00,37.4,-6.0,Europe/Madrid,17.3,9.7,107.0,7.2,76.0,30
air_quality,2026-06-12T18:00:46+00:00,2510911,Seville,ES,2026-06-15T22:00,37.4,-6.0,Europe/Madrid,17.4,10.3,108.0,7.1,78.0,31
air_quality,2026-06-12T18:00:46+00:00,2510911,Seville,ES,2026-06-15T23:00,37.4,-6.0,Europe/Madrid,18.5,10.7,108.0,7.5,70.0,28
air_quality,2026-06-12T18:00:46+00:00,2510911,Seville,ES,2026-06-16T00:00,37.4,-6.0,Europe/Madrid,17.5,11.5,111.3,7.0,72.8,28
air_quality,2026-06-12T18:00:46+00:00,2510911,Seville,ES,2026-06-16T01:00,37.4,-6.0,Europe/Madrid,18.4,12.2,114.0,7.5,72.0,28
air_quality,2026-06-12T18:00:46+00:00,2510911,Seville,ES,2026-06-16T02:00,37.4,-6.0,Europe/Madrid,19.3,12.8,115.3,9.1,68.8,28
air_quality,2026-06-12T18:00:46+00:00,2510911,Seville,ES,2026-06-16T03:00,37.4,-6.0,Europe/Madrid,20.8,13.6,116.0,11.8,62.0,24
air_quality,2026-06-12T18:00:46+00:00,2510911,Seville,ES,2026-06-16T04:00,37.4,-6.0,Europe/Madrid,21.3,13.9,116.0,13.1,57.0,23
air_quality,2026-06-12T18:00:46+00:00,2510911,Seville,ES,2026-06-16T05:00,37.4,-6.0,Europe/Madrid,21.7,14.2,116.0,13.9,54.0,23
air_quality,2026-06-12T18:00:46+00:00,2510911,Seville,ES,2026-06-16T06:00,37.4,-6.0,Europe/Madrid,21.5,14.2,117.0,13.8,52.0,23
air_quality,2026-06-12T18:00:46+00:00,2510911,Seville,ES,2026-06-16T07:00,37.4,-6.0,Europe/Madrid,22.5,14.8,120.0,13.0,51.0,24
air_quality,2026-06-12T18:00:46+00:00,2510911,Seville,ES,2026-06-16T08:00,37.4,-6.0,Europe/Madrid,25.4,16.7,123.0,11.8,54.0,24
air_quality,2026-06-12T18:00:46+00:00,2510911,Seville,ES,2026-06-16T09:00,37.4,-6.0,Europe/Madrid,26.8,17.1,129.0,10.1,62.0,25
air_quality,2026-06-12T18:00:46+00:00,2510911,Seville,ES,2026-06-16T10:00,37.4,-6.0,Europe/Madrid,27.9,17.7,136.0,8.0,74.0,30
air_quality,2026-06-12T18:00:46+00:00,2510911,Seville,ES,2026-06-16T11:00,37.4,-6.0,Europe/Madrid,29.6,18.7,141.0,6.0,86.0,34
air_quality,2026-06-12T18:00:46+00:00,2510911,Seville,ES,2026-06-16T12:00,37.4,-6.0,Europe/Madrid,31.7,20.0,143.0,4.3,100.0,40
air_quality,2026-06-12T18:00:46+00:00,2510911,Seville,ES,2026-06-16T13:00,37.4,-6.0,Europe/Madrid,33.4,20.8,143.0,2.9,114.0,49
air_quality,2026-06-12T18:00:46+00:00,2510911,Seville,ES,2026-06-16T14:00,37.4,-6.0,Europe/Madrid,33.6,20.7,141.0,1.8,124.0,56
air_quality,2026-06-12T18:00:46+00:00,2510911,Seville,ES,2026-06-16T15:00,37.4,-6.0,Europe/Madrid,32.9,20.1,135.0,1.3,128.0,59
air_quality,2026-06-12T18:00:46+00:00,2510911,Seville,ES,2026-06-16T16:00,37.4,-6.0,Europe/Madrid,31.5,19.3,127.0,1.3,127.0,58
air_quality,2026-06-12T18:00:46+00:00,2510911,Seville,ES,2026-06-16T17:00,37.4,-6.0,Europe/Madrid,29.7,18.4,121.0,1.5,126.0,57
air_quality,2026-06-12T18:00:46+00:00,2510911,Seville,ES,2026-06-16T18:00,37.4,-6.0,Europe/Madrid,28.4,17.6,120.0,1.9,126.0,57
air_quality,2026-06-12T18:00:46+00:00,2510911,Seville,ES,2026-06-16T19:00,37.4,-6.0,Europe/Madrid,27.4,17.3,121.0,2.5,125.0,57
air_quality,2026-06-12T18:00:46+00:00,2510911,Seville,ES,2026-06-16T20:00,37.4,-6.0,Europe/Madrid,27.1,17.7,124.0,3.3,122.0,55
air_quality,2026-06-12T18:00:46+00:00,2510911,Seville,ES,2026-06-16T21:00,37.4,-6.0,Europe/Madrid,26.6,18.3,129.0,4.4,116.0,51
air_quality,2026-06-12T18:00:46+00:00,2510911,Seville,ES,2026-06-16T22:00,37.4,-6.0,Europe/Madrid,25.6,18.2,135.0,5.7,108.0,45
air_quality,2026-06-12T18:00:46+00:00,2510911,Seville,ES,2026-06-16T23:00,37.4,-6.0,Europe/Madrid,25.2,18.0,140.0,7.4,99.0,40
air_quality,2026-06-12T18:00:46+00:00,3128026,Bilbao,ES,2026-06-12T00:00,43.3,-2.8999996,Europe/Madrid,11.1,7.6,133.0,16.7,49.0,20
air_quality,2026-06-12T18:00:46+00:00,3128026,Bilbao,ES,2026-06-12T01:00,43.3,-2.8999996,Europe/Madrid,11.2,7.7,137.0,17.3,47.0,19
air_quality,2026-06-12T18:00:46+00:00,3128026,Bilbao,ES,2026-06-12T02:00,43.3,-2.8999996,Europe/Madrid,11.4,6.9,139.0,16.9,41.0,16
air_quality,2026-06-12T18:00:46+00:00,3128026,Bilbao,ES,2026-06-12T03:00,43.3,-2.8999996,Europe/Madrid,11.1,7.5,137.0,17.5,39.0,16
air_quality,2026-06-12T18:00:46+00:00,3128026,Bilbao,ES,2026-06-12T04:00,43.3,-2.8999996,Europe/Madrid,11.2,9.3,136.0,17.7,31.0,15
air_quality,2026-06-12T18:00:46+00:00,3128026,Bilbao,ES,2026-06-12T05:00,43.3,-2.8999996,Europe/Madrid,11.9,10.1,134.0,19.5,29.0,14
air_quality,2026-06-12T18:00:46+00:00,3128026,Bilbao,ES,2026-06-12T06:00,43.3,-2.8999996,Europe/Madrid,13.1,9.7,134.0,21.1,26.0,14
air_quality,2026-06-12T18:00:46+00:00,3128026,Bilbao,ES,2026-06-12T07:00,43.3,-2.8999996,Europe/Madrid,14.9,9.2,138.0,23.8,13.0,14
air_quality,2026-06-12T18:00:46+00:00,3128026,Bilbao,ES,2026-06-12T08:00,43.3,-2.8999996,Europe/Madrid,15.4,9.0,152.0,26.5,14.0,14
air_quality,2026-06-12T18:00:46+00:00,3128026,Bilbao,ES,2026-06-12T09:00,43.3,-2.8999996,Europe/Madrid,15.6,9.1,157.0,21.5,31.0,14
air_quality,2026-06-12T18:00:46+00:00,3128026,Bilbao,ES,2026-06-12T10:00,43.3,-2.8999996,Europe/Madrid,13.1,6.9,146.0,17.9,44.0,18
air_quality,2026-06-12T18:00:46+00:00,3128026,Bilbao,ES,2026-06-12T11:00,43.3,-2.8999996,Europe/Madrid,10.4,5.4,130.0,9.1,60.0,24
air_quality,2026-06-12T18:00:46+00:00,3128026,Bilbao,ES,2026-06-12T12:00,43.3,-2.8999996,Europe/Madrid,8.5,4.8,126.0,5.1,67.0,27
air_quality,2026-06-12T18:00:46+00:00,3128026,Bilbao,ES,2026-06-12T13:00,43.3,-2.8999996,Europe/Madrid,8.1,4.8,118.0,3.1,75.0,30
air_quality,2026-06-12T18:00:46+00:00,3128026,Bilbao,ES,2026-06-12T14:00,43.3,-2.8999996,Europe/Madrid,7.8,4.4,115.0,2.7,78.0,31
air_quality,2026-06-12T18:00:46+00:00,3128026,Bilbao,ES,2026-06-12T15:00,43.3,-2.8999996,Europe/Madrid,7.5,4.3,113.0,2.8,76.0,30
air_quality,2026-06-12T18:00:46+00:00,3128026,Bilbao,ES,2026-06-12T16:00,43.3,-2.8999996,Europe/Madrid,7.6,4.3,112.0,2.8,74.0,30
air_quality,2026-06-12T18:00:46+00:00,3128026,Bilbao,ES,2026-06-12T17:00,43.3,-2.8999996,Europe/Madrid,8.4,4.6,112.0,2.8,73.0,29
air_quality,2026-06-12T18:00:46+00:00,3128026,Bilbao,ES,2026-06-12T18:00,43.3,-2.8999996,Europe/Madrid,8.9,4.8,114.0,3.2,71.0,28
air_quality,2026-06-12T18:00:46+00:00,3128026,Bilbao,ES,2026-06-12T19:00,43.3,-2.8999996,Europe/Madrid,8.8,4.8,117.0,4.1,70.0,28
air_quality,2026-06-12T18:00:46+00:00,3128026,Bilbao,ES,2026-06-12T20:00,43.3,-2.8999996,Europe/Madrid,8.3,5.3,120.0,6.5,68.0,27
air_quality,2026-06-12T18:00:46+00:00,3128026,Bilbao,ES,2026-06-12T21:00,43.3,-2.8999996,Europe/Madrid,9.0,5.8,127.0,9.9,64.0,26
air_quality,2026-06-12T18:00:46+00:00,3128026,Bilbao,ES,2026-06-12T22:00,43.3,-2.8999996,Europe/Madrid,10.3,6.4,127.0,14.5,60.0,24
air_quality,2026-06-12T18:00:46+00:00,3128026,Bilbao,ES,2026-06-12T23:00,43.3,-2.8999996,Europe/Madrid,12.0,7.7,128.0,17.8,50.0,20
air_quality,2026-06-12T18:00:46+00:00,3128026,Bilbao,ES,2026-06-13T00:00,43.3,-2.8999996,Europe/Madrid,12.6,8.4,130.0,20.3,42.0,17
air_quality,2026-06-12T18:00:46+00:00,3128026,Bilbao,ES,2026-06-13T01:00,43.3,-2.8999996,Europe/Madrid,12.3,8.5,136.0,22.6,38.0,15
air_quality,2026-06-12T18:00:46+00:00,3128026,Bilbao,ES,2026-06-13T02:00,43.3,-2.8999996,Europe/Madrid,12.1,8.7,144.0,25.0,36.0,14
air_quality,2026-06-12T18:00:46+00:00,3128026,Bilbao,ES,2026-06-13T03:00,43.3,-2.8999996,Europe/Madrid,14.5,11.0,144.0,25.9,34.0,14
air_quality,2026-06-12T18:00:46+00:00,3128026,Bilbao,ES,2026-06-13T04:00,43.3,-2.8999996,Europe/Madrid,15.9,11.6,138.0,23.0,31.0,14
air_quality,2026-06-12T18:00:46+00:00,3128026,Bilbao,ES,2026-06-13T05:00,43.3,-2.8999996,Europe/Madrid,15.9,11.7,134.0,19.1,31.0,14
air_quality,2026-06-12T18:00:46+00:00,3128026,Bilbao,ES,2026-06-13T06:00,43.3,-2.8999996,Europe/Madrid,14.8,11.9,128.0,16.3,30.0,14
air_quality,2026-06-12T18:00:46+00:00,3128026,Bilbao,ES,2026-06-13T07:00,43.3,-2.8999996,Europe/Madrid,13.7,12.5,126.0,15.1,26.0,14
air_quality,2026-06-12T18:00:46+00:00,3128026,Bilbao,ES,2026-06-13T08:00,43.3,-2.8999996,Europe/Madrid,14.1,11.6,127.0,13.3,25.0,15
air_quality,2026-06-12T18:00:46+00:00,3128026,Bilbao,ES,2026-06-13T09:00,43.3,-2.8999996,Europe/Madrid,12.8,11.0,130.0,9.3,33.0,15
air_quality,2026-06-12T18:00:46+00:00,3128026,Bilbao,ES,2026-06-13T10:00,43.3,-2.8999996,Europe/Madrid,11.3,8.1,138.0,6.9,45.0,18
air_quality,2026-06-12T18:00:46+00:00,3128026,Bilbao,ES,2026-06-13T11:00,43.3,-2.8999996,Europe/Madrid,10.7,5.6,143.0,5.5,54.0,22
air_quality,2026-06-12T18:00:46+00:00,3128026,Bilbao,ES,2026-06-13T12:00,43.3,-2.8999996,Europe/Madrid,10.3,5.8,134.0,3.7,70.0,28
air_quality,2026-06-12T18:00:46+00:00,3128026,Bilbao,ES,2026-06-13T13:00,43.3,-2.8999996,Europe/Madrid,8.9,5.7,126.0,3.7,84.0,34
air_quality,2026-06-12T18:00:46+00:00,3128026,Bilbao,ES,2026-06-13T14:00,43.3,-2.8999996,Europe/Madrid,8.8,5.7,123.0,3.2,90.0,36
air_quality,2026-06-12T18:00:46+00:00,3128026,Bilbao,ES,2026-06-13T15:00,43.3,-2.8999996,Europe/Madrid,8.5,5.5,124.0,2.9,96.0,38
air_quality,2026-06-12T18:00:46+00:00,3128026,Bilbao,ES,2026-06-13T16:00,43.3,-2.8999996,Europe/Madrid,8.6,5.0,120.0,2.4,95.0,38
air_quality,2026-06-12T18:00:46+00:00,3128026,Bilbao,ES,2026-06-13T17:00,43.3,-2.8999996,Europe/Madrid,8.4,5.1,119.0,2.3,94.0,38
air_quality,2026-06-12T18:00:46+00:00,3128026,Bilbao,ES,2026-06-13T18:00,43.3,-2.8999996,Europe/Madrid,9.1,5.5,119.0,3.3,85.0,34
air_quality,2026-06-12T18:00:46+00:00,3128026,Bilbao,ES,2026-06-13T19:00,43.3,-2.8999996,Europe/Madrid,9.8,6.2,114.0,4.8,81.0,32
air_quality,2026-06-12T18:00:46+00:00,3128026,Bilbao,ES,2026-06-13T20:00,43.3,-2.8999996,Europe/Madrid,10.5,7.2,119.0,7.0,73.0,29
air_quality,2026-06-12T18:00:46+00:00,3128026,Bilbao,ES,2026-06-13T21:00,43.3,-2.8999996,Europe/Madrid,11.7,7.4,125.0,9.4,65.0,26
air_quality,2026-06-12T18:00:46+00:00,3128026,Bilbao,ES,2026-06-13T22:00,43.3,-2.8999996,Europe/Madrid,13.9,9.0,134.0,12.1,56.0,22
air_quality,2026-06-12T18:00:46+00:00,3128026,Bilbao,ES,2026-06-13T23:00,43.3,-2.8999996,Europe/Madrid,13.9,9.5,141.0,19.6,51.0,20
air_quality,2026-06-12T18:00:46+00:00,3128026,Bilbao,ES,2026-06-14T00:00,43.3,-2.8999996,Europe/Madrid,13.4,9.8,134.0,20.2,44.0,18
air_quality,2026-06-12T18:00:46+00:00,3128026,Bilbao,ES,2026-06-14T01:00,43.3,-2.8999996,Europe/Madrid,14.3,10.8,140.0,23.8,39.0,17
air_quality,2026-06-12T18:00:46+00:00,3128026,Bilbao,ES,2026-06-14T02:00,43.3,-2.8999996,Europe/Madrid,14.5,10.9,139.0,24.6,36.0,17
air_quality,2026-06-12T18:00:46+00:00,3128026,Bilbao,ES,2026-06-14T03:00,43.3,-2.8999996,Europe/Madrid,14.3,10.5,129.0,21.0,35.0,17
air_quality,2026-06-12T18:00:46+00:00,3128026,Bilbao,ES,2026-06-14T04:00,43.3,-2.8999996,Europe/Madrid,13.0,10.2,125.0,17.3,36.0,17
air_quality,2026-06-12T18:00:46+00:00,3128026,Bilbao,ES,2026-06-14T05:00,43.3,-2.8999996,Europe/Madrid,13.0,10.1,122.0,15.1,34.0,17
air_quality,2026-06-12T18:00:46+00:00,3128026,Bilbao,ES,2026-06-14T06:00,43.3,-2.8999996,Europe/Madrid,12.5,10.0,119.0,12.9,35.0,17
air_quality,2026-06-12T18:00:46+00:00,3128026,Bilbao,ES,2026-06-14T07:00,43.3,-2.8999996,Europe/Madrid,12.1,9.9,119.0,12.7,34.0,17
air_quality,2026-06-12T18:00:46+00:00,3128026,Bilbao,ES,2026-06-14T08:00,43.3,-2.8999996,Europe/Madrid,12.9,9.2,128.0,12.7,32.0,16
air_quality,2026-06-12T18:00:46+00:00,3128026,Bilbao,ES,2026-06-14T09:00,43.3,-2.8999996,Europe/Madrid,11.7,9.5,129.0,8.8,42.0,17
air_quality,2026-06-12T18:00:46+00:00,3128026,Bilbao,ES,2026-06-14T10:00,43.3,-2.8999996,Europe/Madrid,12.9,8.7,126.0,7.4,54.0,22
air_quality,2026-06-12T18:00:46+00:00,3128026,Bilbao,ES,2026-06-14T11:00,43.3,-2.8999996,Europe/Madrid,12.3,7.9,129.0,6.9,60.0,24
air_quality,2026-06-12T18:00:46+00:00,3128026,Bilbao,ES,2026-06-14T12:00,43.3,-2.8999996,Europe/Madrid,10.1,7.5,124.0,5.8,88.0,35
air_quality,2026-06-12T18:00:46+00:00,3128026,Bilbao,ES,2026-06-14T13:00,43.3,-2.8999996,Europe/Madrid,10.1,7.7,127.0,4.3,106.0,44
air_quality,2026-06-12T18:00:46+00:00,3128026,Bilbao,ES,2026-06-14T14:00,43.3,-2.8999996,Europe/Madrid,10.5,8.2,137.0,3.6,118.0,52
air_quality,2026-06-12T18:00:46+00:00,3128026,Bilbao,ES,2026-06-14T15:00,43.3,-2.8999996,Europe/Madrid,10.5,8.1,140.0,3.0,121.0,54
air_quality,2026-06-12T18:00:46+00:00,3128026,Bilbao,ES,2026-06-14T16:00,43.3,-2.8999996,Europe/Madrid,11.2,8.3,130.0,2.4,113.0,49
air_quality,2026-06-12T18:00:46+00:00,3128026,Bilbao,ES,2026-06-14T17:00,43.3,-2.8999996,Europe/Madrid,11.8,8.7,127.0,2.7,111.0,47
air_quality,2026-06-12T18:00:46+00:00,3128026,Bilbao,ES,2026-06-14T18:00,43.3,-2.8999996,Europe/Madrid,11.9,8.7,125.0,3.6,109.0,46
air_quality,2026-06-12T18:00:46+00:00,3128026,Bilbao,ES,2026-06-14T19:00,43.3,-2.8999996,Europe/Madrid,12.2,8.7,127.0,5.3,101.0,41
air_quality,2026-06-12T18:00:46+00:00,3128026,Bilbao,ES,2026-06-14T20:00,43.3,-2.8999996,Europe/Madrid,12.2,8.6,130.0,10.0,87.0,35
air_quality,2026-06-12T18:00:46+00:00,3128026,Bilbao,ES,2026-06-14T21:00,43.3,-2.8999996,Europe/Madrid,13.4,9.1,136.0,13.1,77.0,31
air_quality,2026-06-12T18:00:46+00:00,3128026,Bilbao,ES,2026-06-14T22:00,43.3,-2.8999996,Europe/Madrid,14.3,9.8,136.0,17.3,78.0,31
air_quality,2026-06-12T18:00:46+00:00,3128026,Bilbao,ES,2026-06-14T23:00,43.3,-2.8999996,Europe/Madrid,15.3,12.1,140.0,21.3,57.0,23
air_quality,2026-06-12T18:00:46+00:00,3128026,Bilbao,ES,2026-06-15T00:00,43.3,-2.8999996,Europe/Madrid,16.3,12.9,144.0,22.5,53.0,21
air_quality,2026-06-12T18:00:46+00:00,3128026,Bilbao,ES,2026-06-15T01:00,43.3,-2.8999996,Europe/Madrid,16.2,12.6,147.0,18.0,60.0,24
air_quality,2026-06-12T18:00:46+00:00,3128026,Bilbao,ES,2026-06-15T02:00,43.3,-2.8999996,Europe/Madrid,15.1,12.8,131.0,13.1,60.0,24
air_quality,2026-06-12T18:00:46+00:00,3128026,Bilbao,ES,2026-06-15T03:00,43.3,-2.8999996,Europe/Madrid,14.2,12.4,128.0,10.2,56.0,22
air_quality,2026-06-12T18:00:46+00:00,3128026,Bilbao,ES,2026-06-15T04:00,43.3,-2.8999996,Europe/Madrid,13.7,11.6,127.0,10.7,53.0,21
air_quality,2026-06-12T18:00:46+00:00,3128026,Bilbao,ES,2026-06-15T05:00,43.3,-2.8999996,Europe/Madrid,12.6,11.0,127.0,12.0,48.0,19
air_quality,2026-06-12T18:00:46+00:00,3128026,Bilbao,ES,2026-06-15T06:00,43.3,-2.8999996,Europe/Madrid,13.8,12.9,133.0,15.7,38.0,20
air_quality,2026-06-12T18:00:46+00:00,3128026,Bilbao,ES,2026-06-15T07:00,43.3,-2.8999996,Europe/Madrid,14.5,12.3,145.0,22.0,31.0,20
air_quality,2026-06-12T18:00:46+00:00,3128026,Bilbao,ES,2026-06-15T08:00,43.3,-2.8999996,Europe/Madrid,16.3,13.5,160.0,26.3,27.0,20
air_quality,2026-06-12T18:00:46+00:00,3128026,Bilbao,ES,2026-06-15T09:00,43.3,-2.8999996,Europe/Madrid,17.7,15.3,175.0,27.3,41.0,20
air_quality,2026-06-12T18:00:46+00:00,3128026,Bilbao,ES,2026-06-15T10:00,43.3,-2.8999996,Europe/Madrid,17.9,13.7,182.0,23.8,55.0,22
air_quality,2026-06-12T18:00:46+00:00,3128026,Bilbao,ES,2026-06-15T11:00,43.3,-2.8999996,Europe/Madrid,18.4,12.8,180.0,18.7,66.0,26
air_quality,2026-06-12T18:00:46+00:00,3128026,Bilbao,ES,2026-06-15T12:00,43.3,-2.8999996,Europe/Madrid,18.2,12.7,170.0,11.9,76.0,30
air_quality,2026-06-12T18:00:46+00:00,3128026,Bilbao,ES,2026-06-15T13:00,43.3,-2.8999996,Europe/Madrid,18.1,12.1,160.0,7.0,92.0,37
air_quality,2026-06-12T18:00:46+00:00,3128026,Bilbao,ES,2026-06-15T14:00,43.3,-2.8999996,Europe/Madrid,16.8,12.6,154.0,4.6,104.0,43
air_quality,2026-06-12T18:00:46+00:00,3128026,Bilbao,ES,2026-06-15T15:00,43.3,-2.8999996,Europe/Madrid,17.3,11.5,143.0,4.5,108.0,45
air_quality,2026-06-12T18:00:46+00:00,3128026,Bilbao,ES,2026-06-15T16:00,43.3,-2.8999996,Europe/Madrid,16.2,10.0,134.0,4.4,100.0,40
air_quality,2026-06-12T18:00:46+00:00,3128026,Bilbao,ES,2026-06-15T17:00,43.3,-2.8999996,Europe/Madrid,16.1,9.6,119.0,4.6,94.0,38
air_quality,2026-06-12T18:00:46+00:00,3128026,Bilbao,ES,2026-06-15T18:00,43.3,-2.8999996,Europe/Madrid,15.8,9.5,117.0,5.9,87.0,35
air_quality,2026-06-12T18:00:46+00:00,3128026,Bilbao,ES,2026-06-15T19:00,43.3,-2.8999996,Europe/Madrid,16.3,9.7,119.0,7.0,85.0,34
air_quality,2026-06-12T18:00:46+00:00,3128026,Bilbao,ES,2026-06-15T20:00,43.3,-2.8999996,Europe/Madrid,15.8,9.7,125.0,8.3,81.0,32
air_quality,2026-06-12T18:00:46+00:00,3128026,Bilbao,ES,2026-06-15T21:00,43.3,-2.8999996,Europe/Madrid,16.8,10.2,126.0,11.5,75.0,30
air_quality,2026-06-12T18:00:46+00:00,3128026,Bilbao,ES,2026-06-15T22:00,43.3,-2.8999996,Europe/Madrid,16.0,10.8,129.0,16.1,63.0,25
air_quality,2026-06-12T18:00:46+00:00,3128026,Bilbao,ES,2026-06-15T23:00,43.3,-2.8999996,Europe/Madrid,16.6,11.3,131.0,20.5,58.0,24
air_quality,2026-06-12T18:00:46+00:00,3128026,Bilbao,ES,2026-06-16T00:00,43.3,-2.8999996,Europe/Madrid,19.9,13.5,126.3,16.9,52.5,24
air_quality,2026-06-12T18:00:46+00:00,3128026,Bilbao,ES,2026-06-16T01:00,43.3,-2.8999996,Europe/Madrid,22.1,15.7,123.5,16.1,51.5,25
air_quality,2026-06-12T18:00:46+00:00,3128026,Bilbao,ES,2026-06-16T02:00,43.3,-2.8999996,Europe/Madrid,24.6,17.9,121.5,15.6,52.3,26
air_quality,2026-06-12T18:00:46+00:00,3128026,Bilbao,ES,2026-06-16T03:00,43.3,-2.8999996,Europe/Madrid,28.1,20.6,119.0,14.4,53.0,27
air_quality,2026-06-12T18:00:46+00:00,3128026,Bilbao,ES,2026-06-16T04:00,43.3,-2.8999996,Europe/Madrid,30.3,22.2,117.0,12.7,54.0,28
air_quality,2026-06-12T18:00:46+00:00,3128026,Bilbao,ES,2026-06-16T05:00,43.3,-2.8999996,Europe/Madrid,30.7,22.1,116.0,10.7,56.0,29
air_quality,2026-06-12T18:00:46+00:00,3128026,Bilbao,ES,2026-06-16T06:00,43.3,-2.8999996,Europe/Madrid,29.8,21.2,117.0,8.5,59.0,29
air_quality,2026-06-12T18:00:46+00:00,3128026,Bilbao,ES,2026-06-16T07:00,43.3,-2.8999996,Europe/Madrid,28.2,19.7,119.0,6.1,64.0,30
air_quality,2026-06-12T18:00:46+00:00,3128026,Bilbao,ES,2026-06-16T08:00,43.3,-2.8999996,Europe/Madrid,26.0,17.5,121.0,4.2,69.0,30
air_quality,2026-06-12T18:00:46+00:00,3128026,Bilbao,ES,2026-06-16T09:00,43.3,-2.8999996,Europe/Madrid,23.2,15.4,124.0,3.4,73.0,31
air_quality,2026-06-12T18:00:46+00:00,3128026,Bilbao,ES,2026-06-16T10:00,43.3,-2.8999996,Europe/Madrid,23.3,15.4,127.0,3.2,78.0,31
air_quality,2026-06-12T18:00:46+00:00,3128026,Bilbao,ES,2026-06-16T11:00,43.3,-2.8999996,Europe/Madrid,21.6,14.3,130.0,3.0,83.0,33
air_quality,2026-06-12T18:00:46+00:00,3128026,Bilbao,ES,2026-06-16T12:00,43.3,-2.8999996,Europe/Madrid,21.8,14.6,132.0,2.4,90.0,36
air_quality,2026-06-12T18:00:46+00:00,3128026,Bilbao,ES,2026-06-16T13:00,43.3,-2.8999996,Europe/Madrid,21.9,14.7,133.0,1.8,99.0,40
air_quality,2026-06-12T18:00:46+00:00,3128026,Bilbao,ES,2026-06-16T14:00,43.3,-2.8999996,Europe/Madrid,22.0,14.8,132.0,1.3,105.0,43
air_quality,2026-06-12T18:00:46+00:00,3128026,Bilbao,ES,2026-06-16T15:00,43.3,-2.8999996,Europe/Madrid,21.4,14.5,128.0,1.1,108.0,45
air_quality,2026-06-12T18:00:46+00:00,3128026,Bilbao,ES,2026-06-16T16:00,43.3,-2.8999996,Europe/Madrid,20.7,14.1,123.0,1.1,109.0,46
air_quality,2026-06-12T18:00:46+00:00,3128026,Bilbao,ES,2026-06-16T17:00,43.3,-2.8999996,Europe/Madrid,20.2,13.8,119.0,1.3,108.0,45
air_quality,2026-06-12T18:00:46+00:00,3128026,Bilbao,ES,2026-06-16T18:00,43.3,-2.8999996,Europe/Madrid,19.7,13.4,117.0,1.4,107.0,45
air_quality,2026-06-12T18:00:46+00:00,3128026,Bilbao,ES,2026-06-16T19:00,43.3,-2.8999996,Europe/Madrid,19.3,13.2,117.0,1.6,104.0,43
air_quality,2026-06-12T18:00:46+00:00,3128026,Bilbao,ES,2026-06-16T20:00,43.3,-2.8999996,Europe/Madrid,19.4,13.2,118.0,2.7,98.0,39
air_quality,2026-06-12T18:00:46+00:00,3128026,Bilbao,ES,2026-06-16T21:00,43.3,-2.8999996,Europe/Madrid,19.7,13.5,121.0,5.3,87.0,35
air_quality,2026-06-12T18:00:46+00:00,3128026,Bilbao,ES,2026-06-16T22:00,43.3,-2.8999996,Europe/Madrid,19.0,13.5,126.0,8.8,74.0,33
air_quality,2026-06-12T18:00:46+00:00,3128026,Bilbao,ES,2026-06-16T23:00,43.3,-2.8999996,Europe/Madrid,20.4,14.9,133.0,12.4,62.0,33
